locationID,buildingID,schoolID,primaryLocation
1,841,10,0
2,52,46,1
3,57,62,0
5,138,136,0
7,821,136,0
11,2282,136,0
12,2283,136,0
13,2284,136,0
14,2285,136,0
15,2286,136,0
16,2296,136,0
18,2298,136,0
20,2300,136,0
21,2301,136,0
23,605,229,0
24,681,240,1
25,2285,282,0
26,963,291,1
27,1356,305,1
28,46,309,1
29,142,316,1
30,250,340,0
31,565,340,0
33,1285,340,1
35,1592,370,1
36,1589,418,1
37,90,427,1
40,606,443,1
41,52,473,0
42,1586,473,0
43,1038,500,0
44,1588,511,1
47,1577,551,1
53,47,645,0
56,953,660,0
57,1062,667,0
58,1588,675,1
59,640,689,0
60,689,691,0
62,611,709,0
65,88,722,0
66,821,725,0
67,123,776,0
68,51,778,0
69,1116,815,0
70,1132,821,0
72,774,857,1
74,48,867,0
75,833,867,0
76,657,888,0
77,1255,896,1
78,1357,906,1
79,1359,949,0
81,51,963,1
82,1683,964,0
83,596,972,0
84,836,973,1
85,837,973,1
86,688,991,0
87,1042,996,1
88,677,1007,1
90,1120,1033,0
91,121,1036,1
93,68,1047,1
94,1491,1052,0
96,1572,1063,0
102,2278,1065,1
103,257,1066,0
104,880,1066,0
105,1887,1066,0
107,2289,1066,0
108,2290,1066,0
110,2292,1066,0
111,2293,1066,0
114,924,1087,0
115,2302,1087,0
118,2305,1087,0
119,2306,1087,0
121,1585,1094,1
123,142,1117,1
124,618,1122,1
125,606,1125,1
126,1064,1126,1
127,971,1137,1
128,2452,1191,1
129,768,1194,1
130,47,1197,1
131,48,1198,1
133,1035,1200,1
134,69,1201,1
135,576,1204,1
136,50,1210,1
137,1356,1211,1
138,1356,1212,1
139,964,1214,1
140,1681,1216,0
141,1682,1216,0
142,1356,1219,1
143,688,1222,1
144,45,1223,1
145,982,1224,1
146,1363,1225,1
147,45,1226,1
148,1586,1238,1
149,618,1241,1
150,971,1244,1
151,971,1248,1
153,1264,1275,0
154,610,1290,1
155,695,1291,0
156,839,1291,0
157,840,1291,0
158,843,1291,0
159,1108,1291,1
160,681,1302,1
162,858,1317,1
163,857,1318,1
164,814,1330,1
165,861,1331,1
166,142,1332,1
167,596,1345,1
169,1108,1356,1
170,596,1367,1
171,613,1369,1
172,1133,1380,1
173,90,1381,1
174,688,1393,1
175,688,1394,1
176,596,1395,1
177,88,1399,1
178,89,1400,1
179,684,1401,1
180,45,1433,1
183,1330,1437,1
185,1589,1455,1
186,1592,1458,1
187,697,1459,1
189,1589,1461,1
190,689,1467,1
191,1586,1471,1
192,1031,1487,1
193,1108,1494,1
200,2460,782,1
201,2461,943,1
202,2461,923,1
203,2462,880,1
204,2464,967,1
205,2465,854,1
206,2467,801,1
208,2468,444,1
209,2469,353,1
210,2470,467,1
211,2470,1300,1
212,2471,285,1
213,2471,1281,1
214,2472,422,1
215,2473,376,1
217,2474,530,1
218,2474,1278,1
219,2475,329,1
220,2475,1189,1
221,2478,512,1
222,2478,1312,1
223,2480,968,1
224,2481,855,1
225,2481,1040,1
226,2482,1011,1
227,2483,802,1
228,2483,1339,1
229,2484,922,1
230,2484,804,1
232,2485,1473,1
233,2486,1020,1
234,2487,807,1
235,2488,891,1
236,2489,531,1
237,2489,809,1
238,2490,1218,1
239,2490,1249,1
240,2490,500,1
241,2492,847,1
242,2492,1426,1
243,2493,934,1
244,2494,903,1
245,2495,1351,1
246,2496,170,1
247,2497,639,1
248,2499,178,1
249,2500,120,1
250,2501,47,1
251,2502,1322,1
252,2502,1366,1
255,2504,213,1
256,2505,56,1
257,2507,1152,1
258,2507,1450,1
259,2508,31,1
260,2508,1081,1
261,2509,187,1
262,2509,822,1
263,2509,1462,1
264,2510,132,1
265,2512,701,1
266,2513,648,1
267,2515,628,1
268,2516,759,1
269,2516,1337,1
270,2517,546,1
271,2518,724,1
272,2519,767,1
274,2520,1474,1
275,2520,1475,1
276,2521,710,1
277,2522,749,1
278,2523,620,1
279,2524,406,1
280,2525,278,1
281,2526,215,1
282,2527,368,1
283,2528,323,1
284,2529,657,1
285,2530,750,1
286,2532,665,1
287,2533,621,1
288,2534,755,1
289,2535,555,1
290,2536,717,1
291,2537,736,1
292,2538,591,1
293,2539,684,1
294,2541,571,1
295,2542,711,1
296,2543,658,1
297,2544,751,1
298,2545,580,1
299,2546,640,1
300,2547,605,1
301,2547,564,1
302,2549,693,1
303,2550,604,1
304,2551,771,1
305,2552,562,1
306,2553,1327,1
307,2553,1352,1
308,2553,1430,1
309,2554,742,1
310,2556,438,1
311,2557,479,1
312,2558,306,1
313,2559,354,1
315,2560,487,1
316,2561,286,1
317,2562,336,1
318,2564,292,1
319,2566,474,1
320,2567,314,1
321,2568,407,1
322,2569,360,1
324,2570,496,1
325,2571,892,1
326,2571,894,1
327,2572,974,1
328,2573,995,1
330,2574,324,1
331,2575,952,1
332,2576,904,1
333,2577,1004,1
334,2578,821,1
335,2580,869,1
336,2581,497,1
337,2583,981,1
339,2584,881,1
340,2585,987,1
341,2586,153,1
342,2587,121,1
343,2588,251,1
344,2590,203,1
345,2591,98,1
346,2592,214,1
347,2593,1,1
349,2596,498,1
350,2597,784,1
351,2598,882,1
352,2599,1156,1
353,2599,915,1
354,2600,831,1
355,2601,944,1
356,2602,856,1
357,2603,513,1
358,2604,204,1
359,2604,431,1
360,2605,99,1
361,2606,1424,1
362,2606,1421,1
363,2607,164,1
364,2608,108,1
365,2611,84,1
366,2612,244,1
367,2612,75,1
368,2614,196,1
369,2617,13,1
370,2618,171,1
371,2618,1187,1
372,2620,269,1
373,2621,67,1
374,2622,614,1
375,2624,572,1
376,2628,581,1
377,2629,667,1
378,2631,756,1
379,2632,924,1
380,2633,694,1
381,2635,772,1
382,2636,563,1
383,2637,702,1
384,2638,649,1
385,2639,743,1
386,2640,586,1
387,2640,1497,1
388,2641,676,1
389,2642,396,1
390,2643,480,1
391,2645,400,1
392,2645,1346,1
393,2647,488,1
394,2647,686,1
395,2648,287,1
396,2649,445,1
397,2650,377,1
398,2652,293,1
400,2654,1368,1
401,2654,1357,1
402,2654,1353,1
403,2655,475,1
404,2656,315,1
405,2657,408,1
406,2659,279,1
407,2660,453,1
408,2661,862,1
409,2662,1021,1
410,2663,1420,1
411,2664,975,1
412,2666,839,1
413,2667,953,1
414,2668,532,1
415,2670,409,1
416,2671,1376,1
417,2671,1342,1
418,2672,499,1
419,2673,280,1
420,2675,369,1
421,2676,461,1
423,2677,1308,1
424,2678,417,1
425,2679,893,1
426,2680,997,1
427,2681,840,1
428,2682,622,1
430,2683,533,1
431,2686,785,1
432,2686,1044,1
433,2687,1158,1
434,2687,1414,1
435,2688,883,1
436,2690,832,1
438,2691,1157,1
439,2691,1415,1
440,2691,1412,1
441,2693,514,1
442,2694,803,1
443,2695,969,1
444,2696,2,1
445,2697,165,1
446,2698,262,1
447,2699,57,1
448,2700,16,1
449,2701,85,1
451,2702,236,1
452,2704,197,1
453,2705,92,1
454,2705,1105,1
455,2706,222,1
456,2706,1280,1
457,2707,489,1
458,2707,15,1
459,2708,270,1
460,2709,68,1
461,2710,179,1
462,2711,74,1
463,2712,142,1
464,2713,133,1
465,2713,1251,1
466,2714,1427,1
467,2714,1419,1
468,2715,1059,1
469,2715,38,1
470,2716,198,1
471,2717,1064,1
472,2718,223,1
473,2719,14,1
474,2721,1316,1
475,2721,1311,1
476,2722,252,1
477,2722,1258,1
478,2723,205,1
479,2725,1257,1
480,2725,344,1
481,2726,582,1
482,2727,959,1
483,2727,1448,1
484,2727,1447,1
485,2728,641,1
486,2729,773,1
487,2730,598,1
488,2731,253,1
489,2732,100,1
490,2732,1188,1
491,2734,703,1
492,2734,1320,1
493,2735,783,1
494,2735,1012,1
495,2736,476,1
496,2737,316,1
497,2738,418,1
498,2739,370,1
499,2740,481,1
500,2741,300,1
501,2742,1005,1
502,2743,905,1
503,2743,1338,1
504,2744,501,1
505,2745,1250,1
506,2745,1261,1
507,2745,1282,1
508,2746,1277,1
509,2746,1186,1
510,2747,666,1
511,2748,1022,1
512,2750,976,1
513,2751,863,1
514,2752,1245,1
515,2752,1228,1
517,2752,1333,1
518,2752,1363,1
519,2752,1372,1
520,2754,516,1
521,2757,556,1
522,2757,1268,1
524,2760,1362,1
525,2760,1373,1
526,2760,1425,1
528,2764,1417,1
529,2764,1454,1
530,2764,1350,1
531,2764,1428,1
532,2766,483,1
533,2768,331,1
534,2770,1269,1
535,2770,1163,1
536,2770,1153,1
537,2770,1154,1
538,2770,1155,1
539,2772,1140,1
540,2772,1165,1
541,2772,378,1
542,2772,534,1
543,2773,1023,1
544,2775,143,1
545,2775,39,1
546,2775,199,1
547,2777,935,1
548,2780,317,1
549,2780,372,1
550,2781,154,1
551,2781,122,1
552,2781,254,1
553,2782,1335,1
554,2782,1298,1
555,2782,1267,1
556,2782,1130,1
557,2782,1132,1
558,2782,355,1
559,2784,1141,1
560,2784,1164,1
561,2784,468,1
562,2784,423,1
563,2785,1334,1
564,2785,332,1
566,2785,502,1
567,2788,547,1
568,2790,144,1
569,2791,93,1
571,2793,1429,1
572,2793,1422,1
573,2793,1416,1
574,2795,32,1
576,2796,1360,1
577,2796,1364,1
578,2796,1371,1
579,2796,1370,1
580,2796,1418,1
582,2799,583,1
584,2800,650,1
585,2801,490,1
586,2803,361,0
587,2804,134,1
588,2804,1476,1
589,2805,945,1
590,2806,188,1
591,2807,271,1
592,2807,1423,1
593,2808,22,1
594,2809,668,1
595,2810,623,1
596,2812,1162,1
597,2812,1107,1
598,2812,1108,1
599,2813,977,1
600,2813,685,1
601,2815,424,1
602,2816,517,1
603,2817,245,1
604,2818,1275,1
606,2820,1072,1
607,2825,123,1
608,2826,1252,1
609,2826,704,1
610,2826,410,1
611,2827,705,1
612,2831,1060,1
613,2836,482,1
614,2837,592,1
615,2838,1024,1
616,2844,515,1
617,2844,1215,1
618,2847,1032,1
620,2853,511,1
621,2855,112,1
622,2855,925,1
623,2858,387,1
624,2866,1003,1
625,2873,330,1
626,2874,1103,1
628,2883,737,1
631,2902,1413,1
632,2910,664,1
634,2913,1192,1
635,2915,113,1
636,2918,288,1
637,2919,462,1
640,2979,172,1
642,3399,645,1
644,3404,669,1
646,3405,624,1
647,3406,757,1
648,3407,557,1
649,3408,718,1
650,3408,1485,1
651,3409,642,1
652,3410,738,1
653,3410,566,1
654,3411,792,1
655,3412,180,1
657,3413,227,1
658,3413,1075,1
659,3413,190,1
660,3414,155,1
661,3415,842,1
662,3415,173,1
663,3416,206,1
664,3416,1231,1
665,3417,356,1
666,3418,823,1
667,3419,1407,1
668,3419,918,1
669,3419,333,1
670,3421,337,1
671,3422,189,1
673,3423,760,1
674,3424,548,1
675,3425,633,1
676,3426,380,1
677,3426,33,1
678,3427,469,1
679,3429,520,1
680,3429,1377,1
681,3429,1383,1
682,3429,1486,1
684,3430,651,1
685,3430,1288,1
688,3431,1284,1
689,3431,114,1
691,3433,432,1
692,3433,1259,1
694,3434,389,1
695,3435,281,1
696,3435,1287,1
698,3437,373,1
699,3438,325,1
700,3439,1160,1
701,3439,1195,1
702,3439,1294,1
703,3440,518,1
704,3441,725,1
706,3443,730,1
707,3444,1068,1
708,3444,1091,1
709,3445,1085,1
710,3446,907,1
711,3446,1101,1
712,3446,1096,1
714,3450,433,1
715,3450,156,1
716,3450,255,1
717,3451,858,1
718,3452,970,1
719,3452,265,1
720,3453,916,1
721,3454,926,1
722,3456,86,1
723,3456,982,1
724,3457,237,1
725,3457,588,1
726,3458,135,1
727,3459,48,1
728,3459,1097,1
729,3460,41,1
730,3460,346,1
731,3461,1185,1
733,3461,1183,1
735,3462,1442,1
736,3463,864,1
737,3464,805,1
738,3465,790,1
739,3466,182,1
741,3466,909,1
743,3467,1410,1
745,3468,200,1
746,3469,224,1
747,3470,549,1
748,3471,272,1
749,3473,791,1
750,3474,978,1
751,3475,895,1
752,3476,607,1
753,3476,1203,1
754,3476,1443,1
755,3477,954,1
756,3479,1074,1
758,3479,1411,1
759,3479,1406,1
760,3480,145,1
761,3480,246,1
762,3480,391,1
763,3481,1451,1
765,3483,273,1
766,3484,69,1
767,3484,1382,1
768,3484,1037,1
769,3485,181,1
770,3485,1073,1
771,3486,228,1
772,3487,23,1
773,3488,207,1
774,3489,101,1
775,3489,1143,1
776,3489,1479,1
777,3490,216,1
778,3491,4,1
779,3492,166,1
780,3492,58,1
781,3493,1145,1
782,3493,1146,1
783,3493,688,1
784,3494,988,1
785,3495,774,1
786,3496,706,1
787,3496,1276,1
788,3497,606,1
789,3497,1313,1
790,3498,744,1
791,3498,1102,1
792,3499,565,1
793,3500,677,1
794,3501,1306,1
795,3503,768,1
797,3504,593,1
798,3505,712,1
799,3506,615,1
801,3508,294,1
802,3509,390,1
803,3510,1182,1
804,3510,1181,1
805,3511,318,1
807,3511,1098,1
808,3512,456,1
809,3514,282,1
810,3515,1046,1
811,3516,616,1
813,3516,1086,1
814,3517,573,1
815,3517,1213,1
817,3519,659,1
818,3520,1170,1
819,3520,1169,1
820,3522,719,1
821,3523,503,1
822,3524,871,1
823,3525,786,1
824,3525,1283,1
825,3526,884,1
826,3527,810,1
827,3527,519,1
828,3527,1193,1
829,3528,833,1
830,3529,492,1
831,3530,397,1
832,3531,491,1
833,3531,1254,1
834,3532,446,1
835,3532,1034,1
837,3533,1285,1
838,3535,1013,1
839,3535,425,1
840,3536,381,1
841,3537,834,1
842,3538,1049,1
844,3541,1088,1
845,3541,917,1
846,3542,587,1
847,3543,811,1
848,3547,908,1
849,3547,1229,1
850,3547,1253,1
851,3548,70,1
853,3550,264,1
854,3551,960,1
855,3554,6,1
856,3554,1082,1
857,3555,1477,1
858,3555,5,1
860,3555,302,1
861,3555,1227,1
862,3556,1161,1
863,3556,1233,1
864,3556,1234,1
865,3556,183,1
866,3556,230,1
867,3557,678,1
868,3559,60,1
869,3560,1432,1
870,3560,1481,1
871,3560,434,1
872,3560,1270,1
873,3561,617,1
874,3561,477,1
875,3561,295,1
876,3561,319,1
877,3561,457,1
878,3563,1482,1
879,3563,1483,1
880,3563,1484,1
883,3564,229,1
884,3564,17,1
885,3564,720,1
886,3565,301,1
887,3566,77,1
888,3566,652,1
889,3566,574,1
890,3566,296,1
891,3566,762,1
892,3567,872,1
893,3568,865,1
894,3569,1205,1
895,3569,1230,1
896,3569,1147,1
897,3569,927,1
898,3569,1025,1
899,3569,274,1
900,3570,812,1
901,3571,1292,1
902,3571,362,1
903,3573,859,1
904,3574,936,1
905,3576,971,1
906,3578,979,1
907,3579,1159,1
908,3579,1142,1
909,3579,1144,1
910,3579,1232,1
911,3579,25,1
912,3580,78,1
913,3581,522,1
914,3582,1409,1
915,3582,339,1
916,3583,1014,1
917,3584,1478,1
918,3584,813,1
920,3586,886,1
921,3586,1095,1
922,3586,401,1
923,3588,873,1
924,3589,1063,1
925,3590,124,1
926,3591,670,1
927,3592,504,1
928,3594,326,1
929,3595,558,1
930,3603,217,1
932,3611,885,1
933,3612,146,1
934,3612,125,1
935,3613,1196,1
936,3615,307,1
937,3617,687,1
938,3618,866,1
939,3628,208,1
943,3632,59,1
944,3633,24,1
945,3635,87,1
946,3637,608,1
948,3645,643,1
949,3646,426,1
950,3647,843,1
952,3649,3,1
953,3653,775,1
954,3654,1209,1
955,3655,1202,1
956,3657,575,1
957,3660,1099,1
958,3661,1499,1
959,3662,137,1
962,4133,697,1
963,4134,1402,1
964,4135,599,1
965,4136,609,1
966,4137,745,1
967,4138,567,1
968,4139,726,1
969,4140,629,1
970,4141,731,1
971,4142,550,1
972,4143,689,1
973,4144,635,1
974,4145,594,1
975,4146,713,1
976,4147,618,1
977,4148,537,1
978,4151,257,1
979,4153,297,1
980,4153,1293,1
981,4154,412,1
982,4155,505,1
983,4156,320,1
984,4157,419,1
985,4158,374,1
986,4160,327,1
987,4161,440,1
988,4162,347,1
989,4163,484,1
990,4165,402,1
991,4166,1006,1
993,4168,937,1
994,4169,910,1
995,4170,824,1
996,4172,874,1
998,4175,441,1
999,4176,348,1
1000,4177,485,1
1001,4178,303,1
1002,4178,1466,1
1003,4179,403,1
1004,4180,398,1
1005,4182,447,1
1006,4183,358,1
1007,4184,506,1
1008,4185,825,1
1009,4186,983,1
1010,4188,990,1
1011,4190,887,1
1012,4191,523,1
1013,4192,835,1
1014,4193,928,1
1015,4194,919,1
1016,4195,1026,1
1018,4196,814,1
1019,4198,867,1
1020,4199,998,1
1021,4200,897,1
1022,4202,147,1
1023,4203,94,1
1024,4205,18,1
1025,4206,201,1
1026,4208,225,1
1027,4209,71,1
1028,4210,174,1
1029,4212,231,1
1031,4214,157,1
1032,4215,102,1
1033,4217,7,1
1034,4218,209,1
1035,4222,175,1
1036,4223,79,1
1037,4224,26,1
1038,4225,184,1
1039,4227,232,1
1040,4228,50,1
1041,4229,158,1
1042,4230,218,1
1043,4230,1449,0
1044,4231,61,1
1045,4233,88,1
1046,4234,266,1
1047,4235,34,1
1048,4236,191,1
1049,4237,138,1
1050,4238,238,1
1051,4239,568,1
1052,4241,653,1
1053,4242,746,1
1054,4243,589,1
1055,4244,679,1
1056,4245,630,1
1057,4246,763,1
1058,4248,727,1
1059,4249,89,1
1060,4251,35,1
1061,4254,239,1
1062,4255,43,1
1063,4256,148,1
1064,4257,95,1
1065,4258,247,1
1066,4260,680,1
1067,4261,972,1
1068,4262,764,1
1069,4263,552,1
1070,4264,728,1
1071,4265,636,1
1072,4266,732,1
1073,4267,595,1
1074,4268,690,1
1075,4269,660,1
1076,4270,753,1
1077,4271,584,1
1078,4272,671,1
1079,4273,626,1
1080,4275,559,1
1081,4276,721,1
1082,4277,644,1
1083,4280,458,1
1084,4282,463,1
1085,4283,328,1
1086,4284,420,1
1087,4285,349,1
1088,4287,585,1
1089,4287,1236,1
1090,4287,722,1
1091,4288,1359,1
1092,4289,493,1
1093,4291,448,1
1094,4292,382,1
1095,4293,470,1
1096,4295,427,1
1097,4296,341,1
1098,4297,776,1
1099,4298,1262,1
1100,4299,947,1
1101,4303,104,1
1102,4304,815,1
1103,4305,929,1
1104,4305,1109,1
1105,4306,898,1
1106,4307,778,1
1107,4308,844,1
1108,4308,1237,1
1109,4309,956,1
1110,4311,538,1
1111,4312,796,1
1112,4313,962,1
1113,4314,1299,1
1114,4315,1007,1
1115,4316,80,1
1116,4317,275,1
1117,4318,27,1
1118,4318,1398,1
1119,4319,185,1
1120,4320,126,1
1122,4321,233,1
1123,4322,51,1
1124,4323,159,1
1125,4324,103,1
1126,4325,256,1
1127,4326,1008,1
1128,4327,938,1
1129,4328,911,1
1130,4330,826,1
1131,4332,875,1
1132,4333,788,1
1133,4334,127,1
1134,4336,52,1
1135,4337,160,1
1136,4338,1464,1
1137,4338,1465,1
1138,4339,8,1
1139,4340,210,1
1140,4341,109,1
1141,4342,219,1
1142,4343,36,1
1144,4346,44,1
1145,4346,149,1
1146,4347,248,1
1147,4347,1310,1
1148,4348,19,1
1149,4349,202,1
1151,4351,553,1
1153,4353,1405,1
1154,4354,672,1
1155,4355,304,1
1156,4356,399,1
1157,4357,289,1
1158,4359,115,1
1159,4361,957,1
1160,4363,1149,1
1161,4363,9,1
1162,4365,167,1
1163,4367,1235,1
1164,4367,1110,1
1165,4367,1106,1
1166,4367,1319,1
1167,4369,747,1
1168,4371,596,1
1169,4373,714,1
1170,4375,392,1
1171,4377,507,1
1172,4379,96,1
1173,4380,646,1
1174,4381,576,1
1175,4383,673,1
1176,4384,1056,1
1177,4384,150,1
1178,4386,364,1
1179,4386,1271,1
1180,4389,1148,1
1181,4389,1315,1
1182,4389,1403,1
1183,4389,1397,1
1185,4391,1396,1
1186,4391,308,1
1187,4393,449,1
1188,4394,888,1
1189,4394,1272,1
1190,4396,524,1
1191,4399,899,1
1192,4399,845,1
1193,4399,848,1
1194,4399,797,1
1195,4401,1027,1
1196,4403,53,1
1197,4404,234,1
1199,4406,715,1
1200,4407,1015,1
1201,4410,817,1
1202,4411,393,1
1203,4412,793,1
1205,4415,777,1
1206,4416,740,1
1207,4418,769,1
1208,4419,383,1
1209,4421,816,1
1210,4431,525,1
1211,4442,539,1
1212,4453,240,1
1213,4475,955,1
1214,4482,1077,1
1216,4487,787,1
1217,4494,733,1
1220,4816,459,1
1221,4817,375,1
1222,4818,465,1
1223,4821,350,1
1224,4824,494,1
1225,4825,450,1
1226,4826,384,1
1227,4828,342,1
1228,4830,836,1
1229,4831,948,1
1230,4832,861,1
1231,4833,526,1
1232,4834,806,1
1233,4836,920,1
1234,4838,930,1
1235,4839,900,1
1236,4840,999,1
1237,4841,846,1
1238,4842,849,1
1239,4843,540,1
1240,4844,798,1
1241,4846,1009,1
1242,4847,691,1
1243,4848,116,1
1244,4849,276,1
1245,4850,186,1
1246,4851,81,1
1247,4854,128,1
1248,4855,850,1
1249,4856,541,1
1250,4860,1010,1
1251,4861,828,1
1252,4862,939,1
1253,4863,876,1
1254,4864,707,1
1255,4866,631,1
1256,4870,1016,1
1257,4872,241,1
1258,4874,818,1
1259,4876,435,1
1260,4878,394,1
1261,4878,1057,1
1262,4880,28,1
1263,4882,940,1
1264,4883,90,1
1265,4885,991,1
1267,4894,973,1
1268,4896,1392,1
1269,4899,964,1
1270,4907,681,1
1271,4986,723,1
1272,4987,1242,1
1273,4987,1247,1
1274,4988,741,1
1275,4989,600,1
1276,4989,1217,1
1277,4990,698,1
1278,4991,610,1
1279,4992,779,1
1280,4993,569,1
1281,4994,708,1
1282,4996,258,1
1283,4997,10,1
1284,4998,110,1
1285,4999,220,1
1286,4999,385,1
1287,5000,62,1
1288,5001,91,1
1289,5002,267,1
1290,5003,334,1
1291,5004,428,1
1292,5005,343,1
1293,5005,1177,1
1294,5006,542,1
1295,5007,298,1
1296,5008,436,1
1297,5009,612,1
1298,5010,602,1
1299,5011,321,1
1300,5012,413,1
1301,5013,637,1
1302,5016,692,1
1303,5017,932,1
1304,5018,770,1
1305,5019,577,1
1306,5020,716,1
1307,5021,1326,1
1308,5021,942,1
1309,5022,1391,1
1310,5022,601,1
1311,5023,437,1
1312,5024,395,1
1314,5026,1174,1
1315,5027,414,1
1316,5028,365,1
1317,5029,508,1
1318,5030,283,1
1319,5031,460,1
1320,5031,1286,1
1321,5032,351,1
1322,5033,451,1
1323,5036,486,1
1325,5037,310,1
1326,5038,404,1
1327,5038,1124,1
1328,5040,495,1
1329,5041,1176,1
1330,5041,1173,1
1331,5042,471,1
1332,5043,877,1
1334,5046,985,1
1335,5047,889,1
1336,5047,1260,1
1337,5048,992,1
1338,5048,1375,1
1339,5049,837,1
1340,5050,949,1
1341,5051,921,1
1342,5052,1017,1
1343,5053,819,1
1344,5054,931,1
1345,5055,1307,1
1346,5055,1340,1
1347,5055,1453,1
1348,5056,1028,1
1349,5058,335,1
1351,5060,1389,1
1352,5060,1385,1
1353,5061,151,1
1354,5061,529,1
1355,5062,139,1
1356,5063,242,1
1357,5063,1361,1
1358,5064,45,1
1359,5065,313,1
1360,5066,97,1
1361,5067,226,1
1362,5068,20,1
1363,5069,176,1
1364,5070,117,1
1366,5071,1468,1
1367,5071,1492,1
1368,5072,1029,1
1369,5073,794,1
1371,5075,901,1
1372,5076,1001,1
1373,5078,958,1
1374,5079,851,1
1375,5079,1243,1
1376,5079,1129,1
1377,5080,177,1
1378,5081,105,1
1379,5081,118,1
1380,5081,472,1
1381,5082,700,1
1382,5083,72,1
1383,5084,299,1
1384,5085,82,1
1385,5086,235,1
1386,5087,29,1
1387,5088,161,1
1388,5089,129,1
1389,5090,852,1
1391,5091,543,1
1392,5092,799,1
1393,5093,1220,1
1394,5093,1255,1
1395,5093,1256,1
1396,5093,1374,1
1397,5094,912,1
1400,5095,1493,1
1402,5096,510,1
1403,5096,1309,1
1404,5096,1387,1
1405,5097,941,1
1406,5098,878,1
1407,5099,509,1
1408,5100,311,1
1409,5101,83,1
1410,5102,415,1
1411,5103,30,1
1412,5103,1175,1
1413,5104,130,1
1414,5105,259,1
1415,5106,54,1
1416,5107,1166,1
1417,5107,106,1
1418,5108,268,1
1419,5109,63,1
1420,5109,1489,1
1421,5110,193,1
1423,5112,1296,1
1424,5112,1297,1
1425,5112,1470,1
1426,5113,1018,1
1427,5114,1090,1
1428,5114,781,1
1429,5115,249,1
1430,5116,1289,1
1431,5116,260,1
1432,5116,1328,1
1433,5117,682,1
1435,5118,654,1
1436,5119,765,1
1437,5120,1135,1
1438,5120,1239,1
1439,5121,729,1
1440,5122,632,1
1441,5122,1178,1
1442,5122,1180,1
1443,5123,735,1
1445,5124,322,1
1446,5124,352,1
1447,5125,1070,1
1448,5125,986,1
1449,5125,1093,1
1450,5126,1151,1
1451,5126,131,1
1452,5128,734,1
1453,5128,578,1
1454,5129,674,1
1455,5130,661,1
1456,5131,758,1
1457,5132,1031,1
1458,5132,305,1
1459,5133,1386,1
1460,5133,1441,1
1461,5134,627,1
1463,5135,1127,1
1464,5135,1472,1
1465,5136,560,1
1466,5138,366,1
1467,5139,466,1
1468,5139,1440,1
1469,5140,284,1
1472,5141,1324,1
1473,5141,1490,1
1474,5141,1491,1
1475,5142,829,1
1476,5147,1121,1
1477,5147,1348,1
1478,5147,1355,1
1479,5148,561,1
1480,5149,699,1
1481,5149,780,1
1482,5150,950,1
1483,5151,890,1
1484,5153,933,1
1485,5153,243,1
1486,5153,443,1
1487,5154,168,1
1488,5154,1263,1
1489,5154,1264,1
1490,5154,1343,1
1491,5155,1358,1
1492,5155,1347,1
1493,5155,1469,1
1494,5156,965,1
1495,5156,421,1
1496,5157,544,1
1498,5158,913,1
1499,5158,1495,1
1500,5159,1030,1
1501,5161,1002,1
1502,5162,1190,1
1503,5165,194,1
1504,5166,1265,1
1505,5167,789,1
1506,5168,250,0
1507,5171,1042,1
1509,5176,611,1
1510,5177,429,1
1511,5177,1179,1
1512,5178,11,1
1513,5179,64,1
1514,5180,1112,1
1515,5180,119,1
1516,5180,277,1
1518,5180,261,1
1519,5181,993,1
1520,5183,1114,1
1521,5183,73,1
1522,5183,1273,1
1523,5185,1325,1
1524,5185,853,1
1525,5185,545,1
1526,5185,800,1
1527,5185,1133,1
1528,5185,1136,1
1529,5187,1119,1
1530,5187,1111,1
1531,5187,966,1
1532,5187,1058,1
1533,5187,162,1
1534,5187,107,1
1535,5189,1384,1
1536,5189,141,1
1538,5189,603,1
1539,5189,613,1
1540,5191,1131,1
1541,5191,1128,1
1542,5191,1123,1
1543,5191,1118,1
1544,5191,12,1
1545,5191,212,1
1546,5193,169,1
1548,5193,65,1
1549,5193,683,1
1550,5193,1208,1
1551,5193,1221,1
1552,5193,1266,1
1553,5195,152,1
1554,5195,140,1
1555,5195,1138,1
1556,5195,1379,1
1557,5195,195,1
1558,5195,37,1
1559,5196,748,1
1561,5198,590,1
1562,5199,1113,1
1563,5199,754,1
1564,5199,1206,1
1565,5199,55,1
1566,5199,1171,1
1567,5199,1167,1
1568,5199,1349,1
1569,5199,1344,1
1570,5201,662,1
1571,5201,1139,1
1572,5204,820,1
1573,5205,312,1
1576,5207,1150,1
1577,5207,111,1
1578,5207,1120,1
1579,5207,1452,1
1580,5207,359,1
1582,5207,290,1
1583,5207,1207,1
1585,5210,405,1
1586,5212,994,1
1587,5213,838,1
1588,5214,638,1
1589,5214,1274,1
1590,5215,1291,1
1591,5216,473,1
1593,5227,980,1
1595,5233,211,1
1596,5244,830,1
1598,5256,1062,1
1599,5262,367,1
1600,5273,795,1
1601,5275,579,1
1602,5276,663,1
1603,5278,655,1
1604,5278,21,1
1605,5280,1061,1
1606,5294,656,1
1607,5318,1043,1
1608,5326,1087,1
1610,5326,1216,1
1611,5326,136,1
1612,5326,1066,1
1614,5342,709,1
1615,5476,1035,1
1616,4174,1503,1
1617,5111,1502,1
1619,4232,1504,1
1620,4488,1038,1
1621,1632,841,1
1622,2804,1054,1
1623,4857,1505,1
1624,3534,1304,1
1625,1361,1496,1
1626,1363,1067,1
1627,1620,1039,0
1628,2632,1498,1
1629,2675,1044,0
1630,2789,1507,1
1631,1367,1506,1
1632,2833,416,1
1633,3422,1445,1
1634,3437,1457,1
1635,3504,1354,1
1636,1044,1365,1
1637,3555,1456,1
1638,4137,1314,1
1639,4414,1279,1
1640,679,442,1
1641,5060,1488,1
1642,5142,1388,1
1643,658,1508,1
1645,981,1134,1
1646,5205,386,1
1647,989,1341,1
1648,5210,1390,1
1649,1620,902,1
1650,1620,221,1
1651,1620,66,1
1654,2738,1080,1
1656,2477,1513,1
1657,2610,1511,1
1658,2634,1518,1
1659,2646,1514,1
1660,2651,1516,1
1661,5519,1116,1
1664,5530,411,1
1666,4167,1520,1
1667,4221,1509,1
1668,4226,1510,1
1669,4294,1512,1
1670,4358,49,1
1671,4463,1519,1
1672,4847,1079,1
1673,5009,1517,1
1674,5058,1515,1
1675,5326,1521,1
1678,2578,1522,1
1679,2567,1523,1
1680,2658,1524,1
1681,2910,1525,1
1682,5552,1439,1
1683,2831,782,0
1684,2889,782,0
1685,2465,511,1
1686,2520,511,1
1687,2524,511,1
1689,2747,511,1
1690,2862,511,1
1691,2981,854,0
1692,2614,1003,1
1695,2784,1003,1
1697,2886,1003,1
1699,2842,903,0
1700,2852,178,0
1701,2528,163,1
1702,2541,163,1
1704,2708,163,1
1705,2744,163,1
1706,2757,163,1
1707,2800,163,1
1709,2884,749,0
1712,2590,664,1
1713,2602,664,1
1714,2803,664,0
1715,2922,664,1
1716,2899,750,0
1717,2949,755,0
1718,2938,717,0
1719,2980,571,0
1720,2849,387,0
1721,2864,474,0
1722,2951,474,0
1724,2479,808,1
1726,2682,808,1
1727,2714,808,1
1728,2492,923,0
1729,2519,923,0
1730,2742,923,0
1731,2857,952,0
1733,2860,987,0
1734,2986,987,0
1737,2863,856,0
1738,2926,513,0
1741,2897,84,0
1742,2977,269,0
1743,2955,572,0
1744,2942,756,0
1745,2948,563,0
1747,2968,676,0
1748,2900,480,0
1750,2914,293,0
1751,2506,431,1
1753,2637,431,1
1754,2659,431,1
1755,2663,408,1
1756,2845,408,0
1757,2864,408,0
1758,2974,408,0
1759,2970,1524,0
1760,2850,1021,0
1761,2961,499,0
1762,2976,997,0
1763,2927,883,0
1764,2885,832,0
1765,2947,197,0
1768,2904,582,0
1771,2748,641,0
1774,1479,1278,0
1775,1479,1277,0
1777,2514,1281,0
1779,2878,330,0
1780,2875,476,0
1781,2881,476,0
1783,2555,500,0
1784,2707,500,0
1785,2463,316,1
1788,2508,316,1
1789,2516,316,1
1790,2553,316,1
1791,2680,316,1
1792,2804,316,1
1794,2538,418,1
1795,2773,418,1
1798,2809,418,1
1799,1367,418,1
1800,2788,370,1
1801,2549,515,1
1803,2780,324,1
1804,2803,324,1
1806,2825,324,1
1808,2703,1022,0
1811,2728,1022,0
1813,2755,516,0
1814,2756,516,0
1815,2410,516,0
1816,2946,482,0
1817,2758,556,0
1821,2767,483,0
1822,2766,1071,1
1823,2774,1023,0
1824,2778,935,0
1827,2792,93,0
1829,1479,1303,0
1831,2802,490,0
1832,2922,361,1
1835,2574,1032,0
1837,2801,245,1
1838,2806,215,1
1839,2827,215,1
1840,2460,1275,0
1841,2461,1275,0
1842,2464,1275,0
1843,2471,1275,0
1844,2491,1275,0
1846,2517,1275,0
1847,2578,1275,0
1848,2590,1275,0
1849,2605,1275,0
1851,2652,1275,0
1852,2654,1275,0
1857,2760,1275,0
1862,2785,1275,0
1865,3419,1275,0
1866,3428,1275,0
1867,3446,1275,0
1868,3455,1275,0
1869,3461,1275,0
1870,3483,1275,0
1874,3583,1275,0
1875,3589,1275,0
1876,3606,1275,0
1877,4148,1275,0
1878,4169,1275,0
1879,4194,1275,0
1881,4305,1275,0
1882,4330,1275,0
1885,4340,1275,0
1887,4393,1275,0
1888,4411,1275,0
1891,4883,1275,0
1892,4886,1275,0
1893,4994,1275,0
1894,5003,1275,0
1900,5099,1275,0
1902,5142,1275,0
1903,5167,1275,0
1904,2497,686,0
1905,2658,686,0
1906,2713,686,0
1907,2730,686,0
1908,2816,686,0
1909,2472,16,0
1910,2696,16,0
1912,2791,16,0
1913,2799,16,0
1914,3658,757,0
1915,3638,3,0
1916,2411,389,0
1919,3414,810,1
1920,3444,810,1
1922,1361,810,1
1923,3620,790,0
1928,3423,189,0
1929,3433,189,0
1930,3434,189,0
1931,3461,189,0
1932,1632,189,0
1933,3479,189,0
1935,3579,189,0
1936,3590,189,0
1938,3501,587,0
1939,3656,390,0
1941,3468,282,1
1942,3500,282,0
1944,3554,282,1
1945,3623,491,0
1946,3453,229,0
1947,3543,229,0
1948,1106,229,0
1949,3566,229,0
1950,3603,229,0
1951,3634,229,0
1952,124,264,0
1954,3623,1254,0
1959,3577,971,0
1968,3565,401,0
1969,3582,401,1
1970,3619,401,1
1974,3581,504,0
1975,3452,866,0
1976,3467,866,0
1977,3501,866,0
1978,3509,866,0
1980,4280,776,0
1981,4328,776,0
1982,4357,776,0
1985,4135,567,1
1986,4182,567,1
1988,4325,567,1
1989,4356,567,1
1990,4441,629,0
1991,4528,629,0
1992,4447,618,0
1993,4510,618,0
1994,4692,340,0
1996,4557,419,0
1997,4527,327,0
1998,4452,440,0
2000,4525,347,0
2001,4454,484,0
2002,4541,402,0
2003,4581,1006,0
2004,4424,1520,0
2005,542,910,0
2006,4516,910,0
2007,4464,441,0
2008,4555,485,0
2009,4472,403,0
2010,4473,398,0
2011,4548,398,0
2012,4470,506,0
2013,4476,835,0
2015,4565,928,0
2016,4478,814,0
2017,4209,867,0
2018,4214,867,0
2019,4349,867,0
2020,678,897,0
2022,4462,147,0
2023,4513,147,0
2024,4444,94,0
2025,4574,201,0
2028,4587,49,0
2029,1360,102,0
2030,4579,7,0
2031,4423,1510,0
2032,4437,1510,0
2034,4526,34,0
2035,4560,746,0
2036,4451,679,0
2037,4542,679,0
2038,4520,727,0
2039,4586,35,0
2040,4458,764,0
2041,4532,764,0
2042,4580,636,0
2043,4465,732,0
2044,4521,753,0
2045,4552,559,0
2046,4563,463,0
2048,4530,382,0
2051,4258,427,1
2052,4306,427,1
2055,4562,956,0
2057,4456,1007,1
2058,4533,1007,0
2059,4551,51,0
2060,4584,875,0
2061,4154,104,0
2062,4234,104,0
2063,4277,104,0
2064,4296,104,0
2065,4321,104,0
2066,4355,104,0
2067,4440,104,0
2068,4519,8,0
2069,4153,240,1
2070,4163,240,0
2072,4339,240,1
2076,680,240,1
2078,4480,240,1
2079,4481,202,0
2080,4136,722,0
2083,4270,722,0
2084,4273,722,0
2085,1577,722,0
2086,4403,722,0
2087,4488,722,0
2088,3400,645,0
2089,4169,645,0
2090,4233,645,0
2091,4363,645,0
2092,4446,645,1
2093,4360,115,0
2094,4364,9,0
2095,4366,167,0
2096,4538,167,0
2097,4370,747,0
2098,4546,747,0
2099,4372,596,0
2100,4561,596,0
2101,4374,714,0
2102,4376,392,0
2103,4378,507,0
2104,4544,507,0
2105,4385,673,0
2106,2458,1056,0
2107,4387,364,0
2108,4388,364,0
2110,4539,449,0
2111,4395,888,0
2112,4422,888,0
2113,4397,524,0
2114,4398,524,0
2115,4362,957,0
2116,993,957,0
2117,4402,1027,0
2118,4261,257,0
2120,4379,646,0
2121,4428,393,0
2124,4421,383,1
2127,4412,972,0
2128,4415,972,0
2129,679,972,0
2130,4192,539,0
2131,4255,539,0
2133,4336,539,0
2134,4340,539,1
2135,4361,539,0
2136,4371,539,0
2137,4406,539,0
2138,4449,539,0
2139,4167,778,0
2140,4195,778,0
2141,4249,778,0
2142,4324,778,0
2143,4365,778,0
2144,4381,778,0
2145,4407,778,0
2146,833,1065,0
2147,4887,459,0
2149,4895,465,0
2152,4835,973,1
2153,4842,973,1
2155,4868,973,1
2156,4870,973,1
2158,4874,973,0
2159,4876,973,1
2160,4878,973,1
2162,4895,973,0
2163,4901,798,0
2164,4819,964,0
2165,4839,964,0
2166,4845,964,0
2170,4900,964,0
2171,4907,964,0
2172,4905,276,0
2174,4869,681,0
2175,4909,681,0
2176,4911,681,0
2177,4912,681,0
2178,4913,681,0
2180,4832,691,0
2181,4863,691,0
2184,4871,1016,0
2185,4873,1016,0
2186,4875,818,0
2190,4877,435,0
2191,4879,394,0
2192,4881,28,0
2193,4834,991,0
2195,4870,991,0
2196,4878,991,0
2197,4883,991,0
2198,5144,600,0
2199,5317,610,0
2200,5220,569,0
2201,5311,708,0
2202,4999,105,0
2203,5129,105,0
2204,5139,105,0
2205,5166,105,0
2206,5187,105,0
2207,5225,105,0
2208,5145,258,0
2210,5324,110,0
2211,5300,62,0
2213,5025,168,1
2215,5138,168,1
2216,5312,334,0
2218,5246,298,0
2219,5310,321,0
2222,5238,365,0
2223,5251,365,0
2224,5252,283,0
2226,5257,495,0
2227,5335,992,0
2228,5302,837,0
2229,5268,949,0
2230,5269,921,0
2231,5325,1017,0
2232,5271,931,0
2234,5295,151,0
2235,5339,45,0
2236,5279,97,0
2237,5267,226,0
2239,5322,20,0
2240,5303,117,0
2242,5285,1029,0
2243,1091,901,0
2247,5301,958,0
2249,5307,72,0
2250,5316,82,0
2251,5106,235,0
2252,5297,235,0
2253,5323,161,0
2254,5291,129,0
2255,5328,941,0
2256,5313,878,0
2257,5104,509,0
2258,5299,509,0
2259,5305,83,0
2262,5319,249,0
2265,5314,284,0
2266,5003,443,1
2268,5157,443,1
2269,5196,443,1
2272,5091,699,1
2274,5130,699,1
2275,5151,699,1
2276,5201,699,1
2277,989,699,1
2279,5177,1018,1
2280,1064,1018,0
2283,5100,932,1
2287,1620,932,1
2289,5265,1030,0
2290,5234,211,0
2293,5146,250,1
2295,5289,611,0
2296,5295,529,0
2297,5258,1286,0
2299,5229,415,0
2301,5056,1340,1
2302,5073,1340,1
2303,5241,1340,1
2304,5184,73,0
2306,5188,966,0
2307,5197,748,0
2308,5202,662,0
2309,5208,359,0
2310,5330,359,0
2313,5211,405,0
2314,5332,994,0
2318,2983,709,0
2322,3533,1039,0
2323,1015,1048,1
2324,5091,1043,0
2325,5183,473,0
2327,5031,1291,0
2328,5167,1291,0
2329,658,1291,0
2330,5191,1291,0
2331,5204,305,0
2335,5244,313,0
2336,5394,1087,0
2337,4829,1526,1
2338,655,1526,0
2339,4845,1527,1
2340,686,1527,0
2342,2750,1275,0
2344,5116,1275,0
2347,2931,1522,0
2350,3437,1275,0
2351,3451,1275,0
2354,3574,1275,0
2355,3602,1275,0
2357,1729,1275,0
2358,2281,1275,0
2359,4494,234,0
2360,2470,1275,0
2361,2477,1275,0
2362,2482,1275,0
2363,2503,1275,0
2364,2512,1275,0
2365,2518,1275,0
2366,2527,1275,0
2367,2546,1275,0
2368,2555,1275,0
2369,2557,1275,0
2370,2583,1275,0
2371,2593,1275,0
2372,2603,1275,0
2374,2636,1275,0
2375,2670,1275,0
2377,2706,1275,0
2381,2819,1275,0
2382,3064,1275,0
2383,851,1275,0
2386,4483,551,0
2389,2463,1630,1
2390,2466,1657,1
2392,2476,1584,1
2393,2479,1631,1
2394,2491,1646,1
2395,2495,1535,1
2396,2498,1530,1
2397,2503,1540,1
2398,2506,1536,1
2399,2511,1558,1
2400,2531,1600,1
2401,2540,1609,1
2402,2548,1606,1
2403,2958,1606,0
2404,2555,1568,1
2405,2563,1599,1
2406,2579,1643,1
2407,2594,1541,1
2408,2609,1561,1
2409,2613,1533,1
2410,2615,1537,1
2411,2950,1537,0
2412,2616,1554,1
2413,2956,1554,0
2414,2619,1543,1
2415,2623,1623,1
2416,2625,1616,1
2417,2626,1611,1
2418,2627,1618,1
2419,2630,1610,1
2420,2967,1610,0
2421,2644,1571,1
2422,2665,1637,1
2423,2669,1572,1
2424,2674,1588,1
2425,2684,1639,1
2426,2975,1639,0
2427,2685,1656,1
2428,2689,1654,1
2429,2692,1635,1
2430,2928,1635,0
2431,2703,1531,1
2432,2717,1538,1
2433,2720,1555,1
2434,2724,1539,1
2435,2861,1614,1
2436,2733,1607,1
2437,2619,1627,1
2438,2749,1629,1
2441,4135,1275,0
2443,4154,1275,0
2444,4185,1275,0
2445,4202,1275,0
2448,4227,1275,0
2449,4228,1275,0
2450,4262,1275,0
2451,4264,1275,0
2452,4300,1275,0
2453,4381,1275,0
2454,4409,1275,0
2455,4414,1275,0
2457,1544,1275,0
2458,2086,1275,0
2460,5009,1275,0
2461,5027,1275,0
2462,5056,1275,0
2464,5130,1275,0
2466,141,1275,0
2467,5210,1275,0
2468,5244,1275,0
2469,5326,1275,0
2470,68,1275,0
2472,3402,1619,1
2473,3403,1601,1
2474,3422,1602,1
2475,3481,1604,1
2476,3428,1575,1
2477,3432,1567,1
2478,3621,1567,0
2479,3445,1647,1
2480,3462,1641,1
2481,3478,1633,1
2482,3482,1544,1
2483,3507,1612,1
2484,3513,1580,1
2485,3534,1565,1
2486,4149,1576,1
2487,4150,1585,1
2488,4554,1585,0
2489,4152,1590,1
2490,4531,1590,0
2491,4159,1595,1
2492,4518,1595,0
2493,4164,1569,1
2494,4171,1652,1
2495,4181,1592,1
2496,4585,1592,0
2497,4187,1636,1
2498,4189,1645,1
2499,4582,1645,0
2500,4197,1650,1
2501,4201,1534,1
2502,4207,1545,1
2503,4211,1546,1
2504,4216,1559,1
2505,4507,1559,0
2506,4219,1542,1
2507,5622,1553,1
2508,4474,1553,0
2509,4240,1615,1
2510,4511,1615,0
2511,4250,1562,1
2512,4508,1562,0
2513,4252,1550,1
2514,4253,1547,1
2515,4259,1603,1
2516,4549,1603,0
2517,4274,1621,1
2518,4569,1621,0
2519,4278,1617,1
2520,4279,1564,1
2521,4553,1564,0
2522,4281,1581,1
2523,4288,1586,1
2524,4290,1566,1
2525,4300,1596,1
2526,4301,1628,1
2527,4302,1649,1
2528,4303,1642,1
2529,4307,1655,1
2530,4310,1634,1
2531,4329,1593,1
2532,4331,1653,1
2533,4335,1556,1
2535,4345,1548,1
2536,4576,1548,0
2537,4261,1661,1
2538,4819,1574,1
2539,4820,1583,1
2540,4822,1597,1
2541,4823,1570,1
2542,4827,1577,1
2544,4837,1658,1
2545,4852,1557,1
2547,4858,1648,1
2548,4859,1640,1
2549,4865,1608,1
2550,4867,1551,1
2551,4868,1532,1
2552,5015,1605,1
2553,5239,1605,0
2554,5025,1591,1
2555,5026,1573,1
2556,5034,1587,1
2557,5255,1587,0
2558,5272,1587,0
2559,5035,1582,1
2560,5039,1578,1
2561,5042,1644,1
2562,5044,1594,1
2564,5045,1624,1
2565,5308,1624,0
2567,5057,1625,1
2568,5309,1625,0
2569,5059,1638,1
2570,5074,1651,1
2571,5287,1651,0
2572,5077,1632,1
2574,5082,1563,1
2575,5127,1620,1
2576,5137,1589,1
2577,5143,1622,1
2578,5152,1598,1
2579,5160,1626,1
2580,5165,1529,1
2581,5248,1613,1
2582,5169,1552,1
2583,5063,1579,1
2585,2374,1663,1
2586,2708,1338,0
2587,1132,1275,0
2588,243,1275,0
2589,299,1275,0
2591,5637,1275,0
2592,5638,1275,0
2593,5639,1275,0
2595,5641,1275,0
2596,5642,1275,0
2597,5643,1275,0
2598,5644,1275,0
2600,5646,1275,0
2602,5651,1275,0
2603,5652,1275,0
2604,5653,1275,0
2605,5654,1275,0
2606,5655,1275,0
2612,5664,1275,0
2613,5665,1275,0
2617,5669,1275,0
2618,5670,1275,0
2619,5671,1275,0
2620,5672,1275,0
2621,5673,1275,0
2622,5674,1275,0
2623,5675,1275,0
2625,5677,1275,0
2627,5679,1275,0
2630,5682,1275,0
2631,5683,1275,0
2632,5684,1275,0
2633,3543,1283,0
2635,3401,1664,1
2636,687,818,0
2638,5344,958,0
2639,5407,1200,0
2641,5465,1438,1
2643,5128,1039,1
2644,5632,1275,0
2646,2769,331,0
2649,5688,245,0
2650,5689,245,1
2662,963,942,0
2664,618,1291,0
2665,1587,1303,1
2666,2888,945,0
2668,5320,692,0
2671,2490,1667,1
2673,2694,1669,1
2674,2795,1670,1
2675,2682,1671,1
2676,2500,1672,1
2677,2559,1673,1
2680,2576,1676,1
2682,2719,1678,1
2683,2458,1679,1
2684,196,1679,0
2685,1226,1679,0
2686,1296,1679,0
2687,1489,1679,0
2688,1876,1679,0
2689,1877,1679,0
2690,1878,1679,0
2691,1879,1679,0
2692,1880,1679,0
2693,1881,1679,0
2694,1883,1679,0
2695,1884,1679,0
2696,1885,1679,0
2697,1886,1679,0
2698,1949,1679,0
2699,5509,1679,0
2700,2458,1680,1
2701,3018,1680,0
2702,3076,1680,0
2703,144,1680,0
2704,180,1680,0
2705,374,1680,0
2706,744,1680,0
2707,3398,1680,0
2708,1395,1680,0
2709,1476,1680,0
2710,1663,1680,0
2711,1887,1680,0
2712,1888,1680,0
2713,1889,1680,0
2714,1890,1680,0
2715,1891,1680,0
2717,1893,1680,0
2718,1894,1680,0
2719,1895,1680,0
2720,1896,1680,0
2721,1897,1680,0
2722,1899,1680,0
2723,1900,1680,0
2724,1901,1680,0
2725,1902,1680,0
2726,1903,1680,0
2727,1904,1680,0
2728,1905,1680,0
2729,1906,1680,0
2730,1907,1680,0
2731,1908,1680,0
2732,2345,1680,0
2733,2346,1680,0
2734,5554,1680,0
2735,2458,1681,1
2736,2996,1681,0
2737,3376,1681,0
2738,562,1681,0
2739,626,1681,0
2740,628,1681,0
2741,1079,1681,0
2742,1394,1681,0
2743,1504,1681,0
2744,1664,1681,0
2745,1910,1681,0
2746,1911,1681,0
2747,1912,1681,0
2748,1913,1681,0
2749,1914,1681,0
2750,1915,1681,0
2751,1916,1681,0
2752,1917,1681,0
2753,1918,1681,0
2754,1919,1681,0
2755,1920,1681,0
2756,1921,1681,0
2757,1922,1681,0
2758,1923,1681,0
2759,1924,1681,0
2760,1925,1681,0
2761,1926,1681,0
2763,1928,1681,0
2764,2355,1681,0
2765,2361,1681,0
2766,2458,1682,0
2767,674,1682,0
2768,803,1682,0
2769,831,1682,0
2770,863,1682,0
2771,1113,1682,0
2772,1200,1682,0
2773,1929,1682,0
2774,1930,1682,0
2775,1931,1682,0
2776,1932,1682,0
2777,1933,1682,0
2778,1934,1682,0
2779,1935,1682,0
2780,1936,1682,0
2781,1937,1682,0
2782,1938,1682,0
2783,1939,1682,0
2784,1940,1682,0
2785,1941,1682,0
2786,1942,1682,0
2787,1944,1682,0
2788,1945,1682,0
2789,1946,1682,0
2790,1947,1682,0
2791,1948,1682,0
2792,2458,1683,1
2793,2888,1683,0
2794,3004,1683,0
2795,3070,1683,0
2796,3115,1683,0
2797,3305,1683,0
2798,3397,1683,0
2799,192,1683,0
2800,197,1683,0
2801,213,1683,0
2802,317,1683,0
2803,603,1683,0
2804,693,1683,0
2805,756,1683,0
2806,766,1683,0
2807,1109,1683,0
2808,1152,1683,0
2809,1350,1683,0
2810,1484,1683,0
2811,1666,1683,0
2812,1950,1683,0
2813,1951,1683,0
2815,1953,1683,0
2816,1954,1683,0
2817,1955,1683,0
2818,1957,1683,0
2819,1959,1683,0
2820,1960,1683,0
2821,2455,1683,0
2822,1961,1683,0
2823,1962,1683,0
2825,1964,1683,0
2826,5686,1683,0
2827,2458,1684,1
2828,190,1684,0
2829,297,1684,0
2830,532,1684,0
2831,667,1684,0
2832,1965,1684,0
2833,1966,1684,0
2834,1967,1684,0
2835,1968,1684,0
2836,1969,1684,0
2837,2458,1685,1
2838,3032,1685,0
2839,3130,1685,0
2840,3281,1685,0
2841,691,1685,0
2842,877,1685,0
2843,983,1685,0
2844,1009,1685,0
2845,1103,1685,0
2846,1136,1685,0
2847,1137,1685,0
2848,1150,1685,0
2849,1295,1685,0
2850,1379,1685,0
2851,1507,1685,0
2852,1665,1685,0
2853,1971,1685,0
2854,1972,1685,0
2855,1973,1685,0
2856,1974,1685,0
2857,1975,1685,0
2858,1976,1685,0
2859,1977,1685,0
2860,1978,1685,0
2861,1979,1685,0
2862,1980,1685,0
2863,1981,1685,0
2864,1982,1685,0
2865,1983,1685,0
2866,1984,1685,0
2867,2347,1685,0
2868,2458,1686,1
2869,3014,1686,0
2870,3016,1686,0
2871,3021,1686,0
2872,3077,1686,0
2873,3080,1686,0
2874,3108,1686,0
2875,3125,1686,0
2876,3190,1686,0
2877,3236,1686,0
2878,3334,1686,0
2879,3349,1686,0
2880,3377,1686,0
2881,171,1686,0
2882,370,1686,0
2883,862,1686,0
2884,888,1686,0
2885,1245,1686,0
2886,1337,1686,0
2887,1667,1686,0
2888,1909,1686,0
2889,1985,1686,0
2890,1986,1686,0
2891,1987,1686,0
2892,1988,1686,0
2893,1989,1686,0
2894,1990,1686,0
2895,1991,1686,0
2896,1992,1686,0
2897,1993,1686,0
2898,1994,1686,0
2899,1995,1686,0
2900,1996,1686,0
2901,1997,1686,0
2902,1998,1686,0
2903,1999,1686,0
2904,2000,1686,0
2905,2357,1686,0
2906,5513,1686,0
2907,5628,1686,0
2908,2666,1687,1
2909,2458,1688,1
2910,2993,1688,0
2911,3017,1688,0
2912,3025,1688,0
2915,3290,1688,0
2916,3364,1688,0
2917,3366,1688,0
2918,3370,1688,0
2919,288,1688,0
2920,299,1688,0
2921,336,1688,0
2922,721,1688,0
2923,722,1688,0
2924,955,1688,0
2925,986,1688,0
2926,2001,1688,0
2927,2002,1688,0
2928,2003,1688,0
2929,2004,1688,0
2930,2005,1688,0
2931,2006,1688,0
2932,2007,1688,0
2933,2008,1688,0
2934,2009,1688,0
2935,2010,1688,0
2936,2011,1688,0
2937,2012,1688,0
2938,2013,1688,0
2939,2458,1689,1
2940,2803,1689,0
2941,3039,1689,0
2942,3046,1689,0
2943,3167,1689,0
2944,3212,1689,0
2945,3319,1689,0
2946,3340,1689,0
2947,3365,1689,0
2948,3387,1689,0
2949,3392,1689,0
2950,209,1689,0
2951,222,1689,0
2952,561,1689,0
2954,1487,1689,0
2955,2014,1689,0
2956,2015,1689,0
2957,2016,1689,0
2958,2017,1689,0
2959,2018,1689,0
2960,2019,1689,0
2961,2020,1689,0
2962,2021,1689,0
2963,2022,1689,0
2964,2023,1689,0
2965,2025,1689,0
2966,2026,1689,0
2967,2027,1689,0
2968,2028,1689,0
2969,2029,1689,0
2970,2030,1689,0
2971,2031,1689,0
2972,2032,1689,0
2973,2033,1689,0
2974,2034,1689,0
2975,2035,1689,0
2976,2036,1689,0
2977,2037,1689,0
2978,2038,1689,0
2979,2039,1689,0
2980,2040,1689,0
2981,5555,1689,0
2982,2458,1690,1
2983,627,1690,0
2984,763,1690,0
2985,876,1690,0
2986,958,1690,0
2987,1151,1690,0
2988,1248,1690,0
2989,1258,1690,0
2990,1283,1690,0
2992,2042,1690,0
2993,2043,1690,0
2994,2044,1690,0
2995,2485,1691,1
2996,2458,1692,1
2997,851,1692,0
2998,865,1692,0
2999,1217,1692,0
3000,1381,1692,0
3001,1598,1692,0
3002,2247,1692,0
3003,2248,1692,0
3004,2249,1692,0
3005,2250,1692,0
3006,2251,1692,0
3007,2252,1692,0
3008,2253,1692,0
3009,2254,1692,0
3010,2255,1692,0
3011,2256,1692,0
3012,2257,1692,0
3013,2258,1692,0
3014,2358,1692,0
3015,2359,1692,0
3016,5510,1692,0
3017,5511,1692,0
3018,2709,1693,1
3020,3237,1695,1
3022,2731,1697,1
3023,2589,1698,1
3024,2827,1699,1
3026,2729,1701,1
3027,2750,1702,1
3028,2712,1703,1
3031,2687,1705,1
3033,3246,1707,1
3034,3257,1708,1
3035,3259,1709,1
3036,5483,1710,1
3037,3234,1711,1
3038,2531,1712,1
3039,5484,1713,1
3043,2796,1717,1
3044,2807,1718,1
3048,1368,1722,1
3049,2837,1723,1
3050,2876,1723,0
3051,2891,1724,1
3052,2677,1725,1
3054,2781,1727,1
3056,2876,1729,1
3058,2666,1731,1
3059,2459,1732,1
3060,2459,1733,1
3061,2459,1734,1
3062,2459,1735,1
3063,2459,1736,1
3064,2459,1737,1
3065,2459,1738,1
3066,2459,1739,1
3067,2459,1740,1
3068,2459,1741,1
3069,2459,1742,1
3070,2459,1743,1
3071,2459,1744,1
3074,3563,1747,1
3076,3583,1749,1
3077,3466,1750,1
3078,3571,1751,1
3079,3555,1752,1
3080,3560,1753,1
3081,3430,1754,1
3082,3574,1755,1
3083,3622,1756,1
3085,3482,1758,1
3086,1710,1759,1
3089,1069,1761,1
3090,2458,1762,1
3091,3495,1762,0
3092,3496,1762,0
3093,965,1762,0
3094,1642,1762,0
3095,1643,1762,0
3096,1644,1762,0
3097,1645,1762,0
3098,1646,1762,0
3099,1647,1762,0
3100,1648,1762,0
3101,1649,1762,0
3102,1650,1762,0
3103,1651,1762,0
3104,1652,1762,0
3105,1653,1762,0
3107,1655,1762,0
3108,1656,1762,0
3109,1657,1762,0
3110,1658,1762,0
3111,1659,1762,0
3112,2264,1762,0
3113,2338,1762,0
3114,2458,1763,1
3115,3695,1763,0
3116,3706,1763,0
3117,549,1763,0
3118,666,1763,0
3119,1204,1763,0
3120,1539,1763,0
3121,1660,1763,0
3122,1661,1763,0
3123,1694,1763,0
3124,1695,1763,0
3125,1696,1763,0
3126,1697,1763,0
3127,1698,1763,0
3128,1699,1763,0
3129,1700,1763,0
3130,1701,1763,0
3131,1702,1763,0
3132,1703,1763,0
3133,1704,1763,0
3134,1705,1763,0
3135,1706,1763,0
3136,2259,1763,0
3138,5557,1763,0
3140,5563,1763,0
3141,2458,1764,1
3142,3453,1764,0
3143,3912,1764,0
3144,3915,1764,0
3145,191,1764,0
3146,220,1764,0
3147,661,1764,0
3148,1340,1764,0
3149,1707,1764,0
3150,1708,1764,0
3151,1709,1764,0
3152,1710,1764,0
3153,1712,1764,0
3154,1713,1764,0
3155,1714,1764,0
3156,1715,1764,0
3157,1716,1764,0
3158,1717,1764,0
3159,1718,1764,0
3160,1719,1764,0
3161,1720,1764,0
3162,1721,1764,0
3163,1722,1764,0
3164,1724,1764,0
3165,1725,1764,0
3166,2342,1764,0
3167,2458,1765,1
3168,305,1765,0
3169,1135,1765,0
3170,1240,1765,0
3171,1279,1765,0
3172,1726,1765,0
3173,1727,1765,0
3174,1728,1765,0
3175,1729,1765,0
3176,1730,1765,0
3177,1731,1765,0
3178,1732,1765,0
3179,1733,1765,0
3180,1734,1765,0
3181,1735,1765,0
3182,1736,1765,0
3183,1737,1765,0
3184,1738,1765,0
3185,1739,1765,0
3186,1740,1765,0
3187,1741,1765,0
3188,1742,1765,0
3189,5564,1765,0
3190,2458,1766,1
3191,3704,1766,0
3192,3833,1766,0
3193,248,1766,0
3194,855,1766,0
3196,1743,1766,0
3197,1744,1766,0
3198,1745,1766,0
3199,1746,1766,0
3200,1747,1766,0
3201,1748,1766,0
3203,1750,1766,0
3204,1751,1766,0
3205,1752,1766,0
3206,1753,1766,0
3207,1754,1766,0
3208,1755,1766,0
3209,1756,1766,0
3210,1757,1766,0
3211,1758,1766,0
3212,1759,1766,0
3213,1760,1766,0
3214,1761,1766,0
3215,1762,1766,0
3216,1763,1766,0
3217,1764,1766,0
3218,1765,1766,0
3219,1766,1766,0
3220,2339,1766,0
3221,2441,1766,0
3222,5565,1766,0
3223,2458,1767,1
3224,3406,1767,0
3225,3409,1767,0
3226,3767,1767,0
3228,904,1767,0
3229,1263,1767,0
3230,1406,1767,0
3231,1767,1767,0
3232,1768,1767,0
3233,1770,1767,0
3234,1771,1767,0
3235,1773,1767,0
3236,1774,1767,0
3237,1775,1767,0
3238,1776,1767,0
3239,1777,1767,0
3240,1780,1767,0
3241,1781,1767,0
3242,2270,1767,0
3243,3560,1768,1
3244,3636,1769,1
3248,1521,1770,0
3249,1524,1770,0
3250,1535,1770,1
3251,3612,1770,1
3252,3865,1770,1
3253,1513,1770,0
3254,1530,1770,0
3256,5650,1770,0
3257,1525,1770,0
3258,1534,1770,0
3261,1532,1770,0
3262,5661,1770,1
3263,1518,1770,1
3264,1519,1770,0
3266,5290,1770,1
3269,1531,1770,0
3270,1533,1770,0
3272,2764,1772,1
3273,2770,1772,1
3274,2772,1772,1
3275,2775,1772,1
3276,2780,1772,1
3277,2785,1772,1
3278,2788,1772,1
3279,2810,1772,1
3280,2815,1772,1
3281,2880,1772,1
3282,2902,1772,1
3284,3441,1772,1
3285,3455,1772,1
3286,3563,1772,1
3287,3566,1772,1
3288,3573,1772,0
3289,3574,1772,1
3290,3586,1772,1
3291,3612,1772,1
3292,3648,1772,0
3293,3654,1772,1
3294,4363,1772,1
3295,4367,1772,1
3296,4381,1772,1
3297,4389,1772,1
3298,4401,1772,1
3299,4874,1772,1
3300,5079,1772,1
3301,5180,1772,1
3302,5181,1772,1
3303,5185,1772,0
3304,5189,1772,1
3305,5195,1772,1
3306,5196,1772,1
3307,5205,1772,1
3308,5212,1772,1
3309,1562,1772,0
3315,3607,1777,1
3316,2270,1778,1
3317,3401,1779,1
3318,3401,1780,1
3319,3401,1781,1
3320,3401,1782,1
3321,3401,1783,1
3322,3401,1784,1
3323,680,1785,1
3324,813,1786,1
3325,4478,1787,1
3326,1617,1788,1
3327,4363,1789,1
3328,4391,1790,1
3329,5525,1791,1
3331,4391,1793,1
3333,4409,1795,1
3335,4720,1797,1
3336,5494,1798,1
3337,4405,1799,0
3338,4503,1799,0
3339,4504,1799,0
3340,4578,1799,1
3341,1581,1799,0
3342,1582,1799,0
3344,680,1801,1
3345,2458,1802,1
3346,4615,1802,0
3347,4716,1802,0
3348,4736,1802,0
3349,4751,1802,0
3350,4764,1802,0
3351,78,1802,0
3352,637,1802,0
3353,996,1802,0
3354,997,1802,0
3355,1218,1802,0
3356,1685,1802,0
3357,1686,1802,0
3358,2045,1802,0
3359,2046,1802,0
3360,2047,1802,0
3361,2048,1802,0
3362,2049,1802,0
3363,2050,1802,0
3364,2051,1802,0
3365,2052,1802,0
3366,2053,1802,0
3367,2054,1802,0
3368,2055,1802,0
3369,2056,1802,0
3370,2057,1802,0
3371,2058,1802,0
3372,2059,1802,0
3373,2060,1802,0
3374,2061,1802,0
3375,2062,1802,0
3376,2063,1802,0
3377,2064,1802,0
3378,2065,1802,0
3379,2066,1802,0
3380,2067,1802,0
3381,2068,1802,0
3382,2069,1802,0
3383,2070,1802,0
3384,5581,1802,0
3385,2458,1803,1
3386,260,1803,0
3387,261,1803,0
3388,265,1803,0
3389,304,1803,0
3390,388,1803,0
3391,1688,1803,0
3392,2078,1803,0
3393,2088,1803,0
3394,2089,1803,0
3395,2090,1803,0
3396,2091,1803,0
3397,2092,1803,0
3398,2093,1803,0
3399,2095,1803,0
3400,2096,1803,0
3401,2097,1803,0
3402,2098,1803,0
3403,2458,1804,1
3404,4606,1804,0
3405,4631,1804,0
3406,4725,1804,0
3407,4762,1804,0
3408,4803,1804,0
3409,83,1804,0
3410,373,1804,0
3411,713,1804,0
3412,750,1804,0
3413,910,1804,0
3414,1147,1804,0
3415,1149,1804,0
3416,1496,1804,0
3417,1693,1804,0
3418,2099,1804,0
3419,2100,1804,0
3420,2101,1804,0
3421,2102,1804,0
3422,2103,1804,0
3423,2104,1804,0
3424,2105,1804,0
3425,2106,1804,0
3426,2107,1804,0
3427,2108,1804,0
3428,2109,1804,0
3429,2110,1804,0
3430,2111,1804,0
3431,2112,1804,0
3432,2114,1804,0
3433,2115,1804,0
3434,2116,1804,0
3435,2117,1804,0
3436,2118,1804,0
3437,2119,1804,0
3438,2120,1804,0
3439,2121,1804,0
3440,2122,1804,0
3441,2124,1804,0
3442,2125,1804,0
3443,2126,1804,0
3444,2127,1804,0
3445,2128,1804,0
3446,2360,1804,0
3447,5577,1804,0
3448,2458,1805,1
3449,4590,1805,0
3450,4599,1805,0
3451,4648,1805,0
3452,4690,1805,0
3453,4814,1805,0
3454,1146,1805,0
3455,1160,1805,0
3456,1689,1805,0
3457,1692,1805,0
3458,2129,1805,0
3459,2130,1805,0
3460,2131,1805,0
3461,2132,1805,0
3462,2133,1805,0
3463,2134,1805,0
3464,2135,1805,0
3465,2136,1805,0
3466,2137,1805,0
3467,2138,1805,0
3468,2139,1805,0
3469,2140,1805,0
3470,2141,1805,0
3471,2142,1805,0
3472,2144,1805,0
3473,2145,1805,0
3474,2146,1805,0
3475,2147,1805,0
3476,2148,1805,0
3477,2149,1805,0
3478,2150,1805,0
3479,2151,1805,0
3480,2152,1805,0
3481,2153,1805,0
3482,2154,1805,0
3483,2155,1805,0
3484,2156,1805,0
3485,5578,1805,0
3486,5585,1805,0
3487,5660,1805,0
3488,2458,1806,1
3489,4495,1806,0
3490,4625,1806,0
3491,4774,1806,0
3492,4776,1806,0
3493,621,1806,0
3494,987,1806,0
3495,1047,1806,0
3496,1690,1806,0
3497,2157,1806,0
3498,2158,1806,0
3499,2159,1806,0
3500,2160,1806,0
3501,2161,1806,0
3502,2162,1806,0
3503,2163,1806,0
3504,2164,1806,0
3505,2166,1806,0
3506,2167,1806,0
3507,2168,1806,0
3508,2170,1806,0
3509,2171,1806,0
3510,2172,1806,0
3511,2173,1806,0
3512,2174,1806,0
3513,2175,1806,0
3514,2176,1806,0
3515,2177,1806,0
3516,2178,1806,0
3517,2179,1806,0
3518,2180,1806,0
3519,2181,1806,0
3520,2182,1806,0
3521,2184,1806,0
3522,2185,1806,0
3523,2350,1806,0
3524,2458,1807,1
3525,4660,1807,0
3526,4726,1807,0
3527,4775,1807,0
3528,4809,1807,0
3529,232,1807,0
3530,1687,1807,0
3531,2071,1807,0
3532,2072,1807,0
3533,2073,1807,0
3534,2074,1807,0
3535,2075,1807,0
3536,2076,1807,0
3537,2077,1807,0
3538,2078,1807,0
3539,2079,1807,0
3540,2080,1807,0
3541,2081,1807,0
3542,2082,1807,0
3543,2083,1807,0
3544,2084,1807,0
3545,2085,1807,0
3546,2086,1807,0
3547,2087,1807,0
3548,2094,1807,0
3549,2335,1807,0
3550,5575,1807,0
3551,5576,1807,0
3552,2458,1808,1
3553,4668,1808,0
3554,4697,1808,0
3555,77,1808,0
3556,1691,1808,0
3557,2187,1808,0
3558,2188,1808,0
3559,2189,1808,0
3560,2190,1808,0
3561,2191,1808,0
3562,2192,1808,0
3563,2193,1808,0
3564,2194,1808,0
3565,2195,1808,0
3566,2196,1808,0
3567,2197,1808,0
3568,2198,1808,0
3569,2199,1808,0
3570,2200,1808,0
3571,2201,1808,0
3572,2202,1808,0
3573,2203,1808,0
3574,2204,1808,0
3575,2205,1808,0
3576,2206,1808,0
3577,2208,1808,0
3578,2209,1808,0
3579,2210,1808,0
3580,2211,1808,0
3581,2212,1808,0
3582,5579,1808,0
3583,5580,1808,0
3585,4391,1810,1
3586,4391,1811,1
3587,2739,1812,0
3588,2757,1812,0
3589,35,1812,1
3590,2780,1812,1
3591,2819,1812,1
3592,2888,1812,0
3593,360,1812,1
3594,1538,1812,0
3597,1543,1812,0
3599,1554,1812,0
3600,1555,1812,0
3601,1563,1812,0
3602,3441,1812,1
3603,3574,1812,1
3604,3589,1812,1
3605,3606,1812,1
3606,3613,1812,0
3608,359,1812,1
3609,761,1812,1
3610,1539,1812,1
3611,1564,1812,1
3613,1570,1812,0
3614,5540,1812,1
3615,4394,1812,0
3617,4409,1812,1
3619,4427,1812,1
3620,232,1812,0
3621,1427,1812,0
3622,1542,1812,1
3623,1544,1812,1
3625,1547,1812,0
3626,1552,1812,0
3627,1566,1812,0
3629,1569,1812,0
3630,4874,1812,1
3631,4880,1812,0
3632,4886,1812,1
3633,1561,1812,0
3634,5181,1812,1
3635,5183,1812,0
3638,5338,1812,1
3639,5341,1812,1
3640,1550,1812,1
3641,1551,1812,0
3642,1557,1812,0
3643,1562,1812,0
3644,1565,1812,0
3645,5548,1812,1
3646,5742,1812,0
3650,4469,1815,1
3653,4494,1818,1
3655,4359,1820,1
3656,4178,1821,1
3657,4245,1822,1
3658,4132,1823,1
3659,4132,1824,1
3660,4132,1825,1
3661,4132,1826,1
3662,4132,1827,1
3663,4132,1828,1
3664,4132,1829,1
3665,2458,1830,1
3667,4980,1832,1
3668,4966,1833,1
3669,4897,1834,1
3670,2458,1835,1
3671,4917,1835,0
3672,4924,1835,0
3673,4933,1835,0
3674,4945,1835,0
3675,4946,1835,0
3676,4951,1835,0
3677,4956,1835,0
3678,4958,1835,0
3679,4967,1835,0
3680,4971,1835,0
3681,4979,1835,0
3682,4980,1835,0
3683,241,1835,0
3684,302,1835,0
3685,836,1835,0
3686,1352,1835,0
3687,1397,1835,0
3688,1495,1835,0
3689,1677,1835,0
3690,1678,1835,0
3691,1679,1835,0
3692,2214,1835,0
3693,2215,1835,0
3694,2216,1835,0
3695,2217,1835,0
3696,2218,1835,0
3697,2220,1835,0
3698,2221,1835,0
3699,2222,1835,0
3700,2223,1835,0
3701,2224,1835,0
3702,2225,1835,0
3703,2226,1835,0
3704,2227,1835,0
3705,2228,1835,0
3706,2229,1835,0
3707,2230,1835,0
3708,2231,1835,0
3709,2232,1835,0
3710,2233,1835,0
3711,2234,1835,0
3712,2235,1835,0
3713,2236,1835,0
3714,2237,1835,0
3715,2238,1835,0
3716,2239,1835,0
3717,2240,1835,0
3718,2241,1835,0
3719,2242,1835,0
3720,2243,1835,0
3721,2244,1835,0
3722,2245,1835,0
3723,2246,1835,0
3724,5593,1835,0
3725,5594,1835,0
3726,4870,1836,1
3727,4894,1837,1
3728,4815,1838,1
3729,2458,1839,1
3730,5095,1840,1
3731,4985,1841,1
3732,5189,1842,1
3733,5199,1843,1
3734,5181,1844,1
3737,5135,1847,1
3739,5033,1848,1
3740,5137,1849,1
3741,5046,1850,1
3744,989,1853,1
3746,2458,1855,1
3747,5209,1855,0
3748,5367,1855,0
3749,5468,1855,0
3750,1782,1855,0
3751,1783,1855,0
3753,1785,1855,0
3754,1786,1855,0
3755,1787,1855,0
3756,1788,1855,0
3757,1789,1855,0
3758,1790,1855,0
3759,1791,1855,0
3760,1792,1855,0
3761,1793,1855,0
3762,1794,1855,0
3763,2454,1855,0
3764,2260,1855,0
3765,2458,1856,1
3766,5144,1856,0
3767,5359,1856,0
3768,5375,1856,0
3769,5377,1856,0
3770,5459,1856,0
3771,273,1856,0
3772,386,1856,0
3773,1161,1856,0
3774,1170,1856,0
3775,1483,1856,0
3776,1671,1856,0
3777,1672,1856,0
3778,1795,1856,0
3779,1796,1856,0
3780,1797,1856,0
3781,1798,1856,0
3782,1799,1856,0
3783,1800,1856,0
3784,1801,1856,0
3785,1802,1856,0
3786,1803,1856,0
3787,1804,1856,0
3788,1805,1856,0
3790,5595,1856,0
3791,5600,1856,0
3792,2458,1857,1
3793,141,1857,0
3794,5286,1857,0
3795,5414,1857,0
3796,918,1857,0
3797,919,1857,0
3798,920,1857,0
3800,922,1857,0
3801,929,1857,0
3802,1025,1857,0
3803,1174,1857,0
3804,1268,1857,0
3805,1412,1857,0
3806,1625,1857,0
3807,1627,1857,0
3809,1807,1857,0
3810,1808,1857,0
3811,1809,1857,0
3812,1810,1857,0
3813,1811,1857,0
3814,1812,1857,0
3815,1813,1857,0
3816,1814,1857,0
3817,1815,1857,0
3818,1816,1857,0
3819,1817,1857,0
3820,1818,1857,0
3821,1819,1857,0
3822,1820,1857,0
3823,1821,1857,0
3824,1822,1857,0
3825,1823,1857,0
3826,1824,1857,0
3827,1825,1857,0
3828,2458,1858,1
3829,5259,1858,0
3830,5294,1858,0
3831,5349,1858,0
3832,5380,1858,0
3833,5417,1858,0
3834,5446,1858,0
3835,5447,1858,0
3836,5451,1858,0
3837,5458,1858,0
3838,573,1858,0
3839,1321,1858,0
3840,1827,1858,0
3841,1828,1858,0
3842,1829,1858,0
3843,1830,1858,0
3844,1832,1858,0
3845,1833,1858,0
3846,1834,1858,0
3847,1835,1858,0
3848,1836,1858,0
3849,1837,1858,0
3850,1838,1858,0
3851,1839,1858,0
3852,1840,1858,0
3853,1841,1858,0
3854,1842,1858,0
3855,1843,1858,0
3856,1844,1858,0
3857,1845,1858,0
3858,1846,1858,0
3860,1848,1858,0
3861,1849,1858,0
3862,1850,1858,0
3863,1851,1858,0
3864,1852,1858,0
3865,1853,1858,0
3866,1854,1858,0
3867,2340,1858,0
3869,2402,1858,0
3870,5596,1858,0
3871,5597,1858,0
3872,5598,1858,0
3873,2458,1859,1
3874,5347,1859,0
3875,5391,1859,0
3876,5398,1859,0
3877,5408,1859,0
3878,5415,1859,0
3879,5428,1859,0
3880,5448,1859,0
3881,5467,1859,0
3882,5471,1859,0
3883,169,1859,0
3884,274,1859,0
3885,306,1859,0
3886,641,1859,0
3887,1141,1859,0
3889,1411,1859,0
3890,1855,1859,0
3891,1856,1859,0
3892,1857,1859,0
3893,1858,1859,0
3894,1859,1859,0
3895,1860,1859,0
3896,1861,1859,0
3897,1862,1859,0
3898,1863,1859,0
3899,1864,1859,0
3900,1865,1859,0
3901,1866,1859,0
3902,2344,1859,0
3903,5748,1859,0
3904,2458,1860,1
3905,5438,1860,0
3906,97,1860,0
3907,208,1860,0
3908,376,1860,0
3909,572,1860,0
3910,1110,1860,0
3911,1161,1860,0
3912,1169,1860,0
3913,1867,1860,0
3914,1868,1860,0
3915,1869,1860,0
3917,1871,1860,0
3918,1872,1860,0
3919,1873,1860,0
3920,1874,1860,0
3921,1875,1860,0
3922,2341,1860,0
3932,1388,1863,1
3933,5122,1864,1
3935,5317,1866,1
3936,5189,1867,1
3937,5199,1868,1
3939,5334,1869,1
3941,4985,1871,1
3942,4985,1872,1
3943,4985,1873,1
3944,4985,1874,1
3945,4985,1875,1
3946,4985,1876,1
3947,2458,1877,1
3948,3277,1688,0
3949,4999,1275,0
3950,5369,1053,1
3951,3413,1878,1
3959,4985,1886,1
3962,5771,1879,1
3964,3563,1880,1
3966,5207,1885,1
3967,5207,1887,1
3968,4391,1889,1
3969,4157,1890,1
3970,4344,1891,1
3971,4344,1892,1
3972,4344,1893,1
3974,5187,1895,1
3975,5187,1896,1
3976,5079,1897,1
3977,5119,1898,1
3978,5082,1899,1
3979,5119,1900,1
3980,5189,1901,1
3981,5210,1902,1
3982,5214,1903,1
3983,5213,1904,1
3984,2810,1905,1
3985,2785,1906,1
3986,2679,1907,1
3987,2902,1908,1
3988,2731,1909,1
3989,2550,1910,1
3990,2781,1911,1
3991,3584,1912,1
3992,4363,1913,1
3993,4168,1914,1
3994,5185,1915,1
3995,5082,1916,1
3996,2490,1917,1
3997,2550,1918,1
3998,2640,1919,1
3999,2718,1920,1
4000,2798,1921,1
4001,2459,1922,1
4002,2459,1923,1
4003,4429,1770,1
4004,50,1924,1
4008,3033,1680,0
4009,3533,1926,1
4011,169,1884,1
4014,5787,473,0
4015,5783,1770,1
4016,5788,1770,1
4019,3477,1037,0
4020,2764,1668,1
4021,5210,1845,1
4022,5190,1384,0
4023,5190,1842,0
4024,5190,1901,0
4025,5190,141,0
4026,5190,603,0
4027,5190,613,0
4029,3583,1748,1
4030,5840,764,0
4032,3448,634,1
4034,2461,1041,1
4035,2713,1696,1
4036,2810,1700,1
4037,2731,1704,1
4038,2467,1706,1
4039,3499,1463,1
4040,3583,946,1
4041,5247,443,0
4042,5076,1301,1
4043,5139,1019,1
4044,1363,363,1
4049,1253,989,1
4051,1479,1338,0
4053,3180,1680,0
4054,753,1681,0
4055,972,1686,0
4056,5843,1689,0
4059,5740,810,1
4060,5851,871,0
4063,3443,1193,0
4065,5740,1480,1
4066,5859,1078,1
4067,3908,1763,0
4068,3827,1765,0
4069,5853,1765,0
4071,5860,1773,1
4072,4173,867,0
4074,4759,1802,0
4075,5873,1802,0
4076,4681,1805,0
4077,4750,1805,0
4078,2165,1806,0
4079,4740,1807,0
4080,5508,1807,0
4081,5876,1807,0
4082,3654,1812,1
4083,5884,1831,1
4084,4981,1835,0
4085,1036,1835,0
4086,5886,527,1
4087,5890,1307,0
4090,169,1500,1
4091,5418,1855,0
4092,5421,1856,0
4093,2400,1856,0
4094,2401,1857,0
4095,5432,1859,0
4096,5294,313,0
4099,2773,1927,1
4100,2773,1928,1
4101,2505,1275,0
4102,2745,1275,0
4103,3398,1275,0
4104,1923,1275,0
4105,4203,1275,0
4106,4254,1275,0
4107,4257,1275,0
4108,684,1275,0
4109,47,1275,0
4110,90,1275,0
4111,4504,1275,0
4112,4593,1275,0
4113,4826,1275,0
4114,5213,1275,0
4115,2793,1063,0
4116,5196,1812,1
4118,4175,1275,0
4119,1479,1342,0
4120,39,1275,0
4122,568,1449,1
4123,4910,691,0
4127,210,1856,0
4128,5893,504,0
4135,5900,1770,1
4136,5911,1770,1
4144,1136,1929,1
4145,5906,383,1
4149,5889,1856,0
4151,2683,316,1
4157,5895,1275,0
4158,5896,1275,0
4159,5897,1275,0
4160,5898,1275,0
4161,5899,1275,0
4162,5901,1275,0
4163,5902,1275,0
4164,5903,1275,0
4165,5904,1275,0
4166,5905,1275,0
4167,5907,1275,0
4168,5908,1275,0
4170,5081,305,1
4172,4386,1931,1
4173,5195,1932,1
4174,1097,1933,1
4175,5934,229,0
4177,1253,867,0
4179,5618,441,0
4180,4886,1934,1
4183,3127,1935,0
4194,2784,1936,1
4195,3560,1937,1
4196,3637,1938,1
4197,5213,1939,1
4198,5183,1940,1
4199,5212,1941,1
4200,5185,1942,1
4201,5214,1943,1
4202,3560,1944,1
4203,5199,1945,1
4204,2508,1946,1
4205,2477,1947,1
4206,1391,1948,1
4207,2606,1949,1
4208,2708,1950,1
4209,2484,1951,1
4210,2480,1952,1
4211,2746,1953,1
4212,3631,1954,1
4214,1630,1956,1
4215,4330,1957,1
4216,4826,1958,1
4217,5925,1959,1
4218,5112,1960,1
4219,5104,1961,1
4220,5121,1962,1
4221,5097,1963,1
4222,4390,1148,0
4223,4390,1315,0
4224,4390,1403,0
4225,4390,1397,0
4226,4606,1796,1
4227,2710,1964,1
4228,5966,1965,1
4230,1870,473,0
4231,2559,1966,1
4232,2592,1967,1
4233,2807,1968,1
4234,2801,1969,1
4235,2791,1970,1
4236,2550,1275,0
4237,2704,1275,0
4238,3584,1971,1
4239,4386,1972,1
4240,4383,1973,1
4241,4359,1974,1
4242,5021,1975,1
4243,5106,1976,1
4244,5183,1977,1
4245,5124,1978,1
4246,5005,1979,1
4247,5114,1980,1
4248,5185,1981,1
4249,5061,1982,1
4250,5210,1983,1
4251,5195,1984,1
4252,5119,1985,1
4253,3493,1986,1
4254,4377,1987,1
4255,4381,1988,1
4256,4393,1989,1
4257,4394,1990,1
4258,2511,1991,1
4259,2707,1992,1
4260,2503,1993,1
4261,2480,1994,1
4262,2664,1995,1
4263,2902,1996,1
4266,2777,1999,1
4267,3505,2000,1
4268,3461,2001,1
4269,3439,2002,1
4272,3486,1955,1
4273,4667,2005,1
4274,5156,2006,1
4275,4989,2007,1
4277,5181,2009,1
4278,5212,2010,1
4279,5213,2011,1
4283,5044,2008,0
4284,5978,2013,1
4285,2519,2015,1
4287,1391,163,1
4288,2677,808,1
4289,5976,1998,1
4290,3860,2003,1
4291,5977,2004,1
4292,5925,105,0
4293,2780,1448,0
4295,4456,2016,1
4296,4337,589,0
4303,6047,973,1
4310,1681,973,0
4318,4899,973,0
4320,1308,1665,1
4321,5949,1666,1
4322,1391,1329,1
4323,2869,1460,1
4324,2780,1676,0
4325,2691,1677,1
4326,5917,439,1
4327,1358,1745,1
4328,5950,1925,1
4329,5917,961,1
4330,5955,1792,1
4331,5090,1100,1
4332,5925,1092,1
4333,2465,1275,0
4334,4216,1275,0
4335,4268,1275,0
4336,4369,1275,0
4337,536,1806,0
4338,4642,1806,0
4343,2804,2017,1
4344,2804,2018,1
4347,4394,2019,1
4350,5191,2020,1
4351,5195,2021,1
4352,6064,2022,1
4353,6171,2023,1
4354,6172,2024,1
4355,2012,2025,1
4356,1274,567,0
4357,1252,1894,1
4358,3573,1275,0
4359,307,2012,1
4360,3112,1997,1
4361,4568,769,0
4362,2880,1275,0
4363,4386,1275,0
4364,4870,1275,0
4365,2827,1378,1
4366,3506,1408,1
4367,1274,860,1
4368,4404,827,1
4370,6053,1881,1
4371,2804,1657,0
4372,1479,1194,0
4373,6048,1437,0
4374,6183,1694,1
4375,6184,1501,1
4376,2832,1721,1
4377,2832,1728,1
4379,3466,1050,0
4383,4427,1819,1
4384,5036,1852,1
4385,5212,1865,1
4388,5022,1340,0
4389,169,1434,1
4391,3149,1675,1
4392,5979,2014,1
4393,3462,1304,1
4394,5978,1888,1
4395,2980,431,0
4397,6198,1756,0
4398,4485,567,0
4399,1252,383,0
4400,2311,1757,1
4401,4746,1199,1
4402,5153,1851,1
4404,5790,709,0
4405,5231,709,1
4406,5154,305,0
4407,3606,1772,1
4409,3738,1063,0
4410,5201,1063,0
4411,6202,1812,0
4412,2570,1275,0
4413,6201,709,0
4417,6203,1812,0
4419,3459,1306,0
4421,2404,515,0
4422,2777,1812,0
4423,2880,1812,0
4424,5189,1812,0
4425,6207,1766,0
4426,2796,1812,0
4427,5207,1812,0
4428,2933,709,0
4429,6213,473,0
4430,5930,1688,0
4431,6059,1680,0
4432,6063,1686,0
4433,5758,1688,0
4434,1177,1835,0
4435,5426,1858,0
4436,6058,1680,0
4437,6057,1684,0
4438,3220,1688,0
4439,6064,1684,0
4440,5405,1858,0
4441,5156,1860,0
4444,6218,1204,0
4445,5378,1856,0
4447,6132,1688,0
4448,4261,240,0
4450,5917,282,0
4452,2820,1730,1
4453,5526,2028,1
4454,5017,305,0
4457,1565,305,0
4459,6233,305,0
4462,1364,1323,1
4463,6247,1812,0
4466,3247,664,0
4467,1564,1721,0
4469,3565,229,0
4474,2833,1275,0
4479,1563,215,0
4480,2290,215,0
4481,4604,1935,1
4484,2592,1812,0
4485,4885,1079,0
4486,5422,1042,0
4487,2453,1812,1
4489,6290,1275,0
4490,6291,1275,0
4491,6292,1275,0
4492,4320,1275,0
4493,4343,1275,0
4494,6293,1275,0
4496,2288,2029,1
4497,2624,2030,1
4498,2547,2031,1
4499,2559,2032,1
4500,2643,2033,1
4501,2633,2034,1
4502,2695,2034,0
4503,2705,2035,1
4504,2760,2036,1
4505,2791,2037,1
4506,2791,2038,1
4507,2593,2039,1
4508,2683,2040,1
4509,2569,2041,1
4510,2498,2042,1
4511,3144,2043,1
4512,3490,2044,1
4514,3413,2046,1
4517,540,2049,1
4518,4615,2050,1
4519,5213,2051,1
4520,5214,2052,1
4521,5165,2053,1
4522,5045,2054,1
4523,5032,2055,1
4525,5183,2057,1
4526,5074,2058,1
4527,5131,2059,1
4528,5123,2060,1
4529,5454,2061,1
4530,2712,2062,1
4531,4383,2063,1
4532,2701,1337,1
4533,2567,2064,1
4534,2593,2065,1
4535,2598,2066,1
4536,2521,2067,1
4537,2791,2068,1
4538,2791,2069,1
4539,2592,2070,1
4540,2712,2071,1
4541,2598,2072,1
4542,2521,2073,1
4543,2606,2074,1
4544,2777,2075,1
4545,2777,2076,1
4546,3584,2077,1
4547,3576,2078,1
4548,3493,2079,1
4549,3571,2080,1
4550,1372,2081,1
4551,3533,1037,0
4553,4386,2083,1
4554,4386,2084,1
4557,4359,2087,1
4559,1614,2089,1
4560,4275,2090,1
4561,1614,2091,1
4562,4339,2092,1
4563,6225,2093,1
4564,4853,2094,1
4565,6226,2095,1
4566,5183,2096,1
4567,5183,2097,1
4568,5185,2098,1
4569,5196,2099,1
4570,5196,2100,1
4571,5119,2101,1
4573,1623,2103,1
4574,5133,2104,1
4575,1605,2105,1
4578,4399,2107,1
4579,4137,2108,1
4580,596,2109,1
4581,5045,2110,1
4582,3844,2111,1
4583,2525,1275,0
4584,2529,1275,0
4585,2572,1275,0
4587,2646,1275,0
4588,2777,1275,0
4589,2809,1275,0
4590,5070,1275,0
4591,3584,2047,1
4592,3560,2048,1
4594,3571,1774,1
4596,3630,1930,1
4597,3630,1775,1
4598,4320,2086,1
4599,1578,951,1
4600,1580,430,1
4601,2941,870,0
4602,2502,1321,1
4603,6312,454,1
4605,2573,1431,1
4606,3466,1444,1
4607,3569,1099,0
4609,4183,1512,0
4610,1614,1404,1
4611,6240,1794,1
4612,6237,1549,1
4613,1623,1632,0
4615,3571,1757,0
4616,4617,1883,1
4617,2735,1275,0
4620,5453,1846,1
4621,6318,1115,1
4622,3817,1034,0
4623,6314,1436,1
4624,6315,1435,1
4625,2595,870,1
4626,3435,1451,1
4627,1578,431,0
4628,1580,316,0
4629,2517,1918,0
4630,2613,1678,0
4631,607,810,0
4632,3637,810,0
4633,833,340,0
4634,1324,2089,0
4635,4865,973,0
4636,4853,691,0
4637,5133,168,0
4638,5137,443,0
4639,6255,1291,0
4640,1943,2113,1
4641,2592,1280,0
4642,2698,1677,0
4643,1045,324,1
4644,2515,686,0
4645,1372,810,0
4646,2973,531,0
4647,5920,324,1
4648,2753,1909,0
4649,2935,144,0
4650,2771,1153,0
4651,2819,454,0
4652,2797,1360,0
4653,6357,1446,1
4654,2814,685,0
4655,2765,1454,0
4656,2955,2030,0
4657,3247,1675,0
4658,3159,1679,0
4659,6066,1679,0
4660,6321,1679,0
4661,3326,1680,0
4662,3390,1680,0
4663,6084,1681,0
4664,6172,1681,0
4665,6173,1681,0
4666,6268,1681,0
4667,6322,1681,0
4668,6323,1681,0
4669,3206,1683,0
4670,1963,1684,0
4671,6365,1685,0
4672,3009,1686,0
4673,3042,1686,0
4674,6358,1686,0
4675,2287,245,0
4676,3128,1688,0
4677,6290,1688,0
4678,6326,1688,0
4679,6319,1689,0
4680,2496,1690,0
4681,6327,1692,0
4682,3095,1696,0
4683,4348,1275,0
4684,4377,1275,0
4685,4486,1275,0
4686,4567,1275,0
4687,2969,1703,0
4688,2809,2114,1
4689,607,455,1
4690,6004,2106,1
4691,870,1292,0
4692,3467,1306,0
4693,3525,1445,0
4694,3467,1444,1
4695,3501,1443,0
4696,3561,1499,0
4697,3503,1756,0
4698,3455,1757,0
4699,3519,1758,1
4700,6382,1761,0
4701,5957,1063,0
4702,6360,1063,0
4703,4381,1063,0
4704,5021,1063,0
4705,3887,1045,1
4706,3769,1033,1
4707,3754,1050,1
4708,3637,401,1
4709,2837,1770,0
4710,6417,1770,0
4711,540,618,0
4712,1324,955,0
4713,650,860,0
4714,2689,645,0
4715,6415,645,0
4716,4196,1787,0
4717,4382,576,0
4718,4392,308,0
4719,6236,449,0
4720,4657,1051,1
4721,4691,1052,1
4722,6416,383,0
4723,6338,1802,0
4724,6342,1802,0
4725,6347,1802,0
4726,6337,1803,0
4727,6345,1803,0
4728,6348,1803,0
4729,6339,1804,0
4730,6332,1805,0
4731,6334,1805,0
4732,6413,1805,0
4733,6333,1806,0
4734,6336,1806,0
4735,311,1807,0
4736,6335,1807,0
4737,6411,1807,0
4738,6331,1808,0
4739,6341,1808,0
4740,6343,1808,0
4741,6344,1808,0
4742,6408,1808,0
4743,2635,1812,0
4744,2809,1812,0
4745,2901,1812,1
4746,1751,1812,1
4747,6383,1812,0
4748,682,1812,0
4749,4564,1812,0
4750,6410,1812,0
4751,6412,1812,0
4752,6420,1812,0
4753,4486,2027,1
4754,4486,1817,1
4755,656,964,0
4756,1034,964,0
4757,63,681,0
4758,4892,435,0
4759,6419,1835,0
4760,5009,105,0
4761,5230,674,0
4762,2412,561,0
4763,5263,2008,1
4764,5245,1018,0
4765,5336,1515,0
4766,5331,1112,0
4767,5321,1265,0
4768,5331,119,0
4769,5331,277,0
4770,5284,1468,0
4771,5957,2115,0
4772,6246,2115,0
4773,5959,2115,0
4774,3918,2115,1
4775,5304,386,0
4776,5331,261,0
4777,6361,709,0
4778,6362,709,0
4779,6375,709,0
4780,6376,709,0
4781,6352,1855,0
4782,6354,1855,0
4783,5364,1857,0
4784,6351,1857,0
4785,5249,1858,0
4786,6102,1858,0
4787,6353,1858,0
4788,5431,1859,0
4789,921,1859,0
4790,6350,1859,0
4791,6349,1860,0
4792,6355,1860,0
4793,5384,1048,1
4794,6426,1282,0
4795,2587,2039,0
4796,2780,1275,0
4797,5181,1275,0
4798,3436,810,0
4799,6423,1284,0
4800,6426,1285,0
4801,3583,1306,0
4802,3429,1445,0
4803,6423,1034,0
4804,6426,1037,0
4805,6422,1018,0
4806,5005,1852,0
4807,6426,1039,0
4808,2297,1087,0
4809,2779,317,0
4810,3543,1444,1
4811,1599,2116,1
4812,4183,2117,1
4813,4736,2005,0
4814,2535,2118,1
4815,2523,2119,1
4816,2549,2120,1
4817,6183,2121,1
4818,6431,2122,1
4820,6433,2123,1
4822,5109,2124,1
4823,5013,2125,1
