1281,000AAAA,2843,10.114.4.0,255.255.252.0
1,000NSA,2933,10.24.192.0,255.255.240.0
2,000NSD,3455,10.102.48.0,255.255.240.0
3,000NSE,5334,10.102.208.0,255.255.240.0
4,00B000,2843,10.99.144.0,255.255.240.0
5,00B000A,2843,10.115.248.0,255.255.252.0
1256,00B000C,2843,10.112.228.0,255.255.252.0
6,00B001,2843,10.98.128.0,255.255.240.0
1432,00B002,2843,10.94.32.0,255.255.240.0
1433,00B004,2843,10.202.32.0,255.255.240.0
7,00B123,2843,10.157.96.0,255.255.240.0
1305,00B427BB,0,10.114.108.0,255.255.252.0
9,00BATM,2843,10.42.144.0,255.255.240.0
10,00BSHA,2835,10.107.112.0,255.255.240.0
12,00BSNA,2843,10.99.192.0,255.255.240.0
1257,00BSNAC,2843,10.112.244.0,255.255.252.0
13,00BSNB,2843,10.33.80.0,255.255.240.0
1377,00L001,3399,10.191.112.0,255.255.240.0
14,00M001,3631,10.41.16.0,255.255.240.0
15,00MSHA,125,10.107.96.0,255.255.240.0
16,00Q0VB,4433,10.223.0.0,255.255.240.0
17,00QCCA,4573,10.107.32.0,255.255.240.0
18,00XSHA,5219,10.107.128.0,255.255.240.0
19,01M015,3414,10.201.16.0,255.255.240.0
20,01M019,3416,10.201.32.0,255.255.240.0
21,01M020,3417,10.201.48.0,255.255.240.0
22,01M034,3424,10.201.96.0,255.255.240.0
23,01M056,3439,10.201.112.0,255.255.240.0
957,01M061,3444,10.102.32.0,255.255.240.0
24,01M063,3445,10.201.160.0,255.255.240.0
25,01M064,3446,10.201.176.0,255.255.240.0
26,01M110,3473,10.201.208.0,255.255.240.0
27,01M134,3492,10.201.224.0,255.255.240.0
28,01M137,3494,10.201.0.0,255.255.240.0
29,01M140,3495,10.202.0.0,255.255.240.0
30,01M142,3496,10.202.16.0,255.255.240.0
31,02M001,3402,10.202.96.0,255.255.240.0
32,02M002,3403,10.202.112.0,255.255.240.0
33,02M003,3404,10.202.128.0,255.255.240.0
34,02M006,3407,10.202.144.0,255.255.240.0
35,02M011,3412,10.202.160.0,255.255.240.0
36,02M033,3423,10.202.192.0,255.255.240.0
37,02M040,3426,10.202.208.0,255.255.240.0
38,02M041,3427,10.202.224.0,255.255.240.0
39,02M042,3428,10.203.0.0,255.255.240.0
40,02M051,3436,10.203.16.0,255.255.240.0
41,02M089,3460,10.100.48.0,255.255.240.0
42,02M104,3469,10.203.64.0,255.255.240.0
43,02M111,3474,10.203.80.0,255.255.240.0
44,02M114,1632,10.62.64.0,255.255.240.0
45,02M116,3478,10.203.96.0,255.255.240.0
46,02M124,3483,10.203.112.0,255.255.240.0
47,02M126,3485,10.203.128.0,255.255.240.0
48,02M130,3488,10.203.144.0,255.255.240.0
49,02M131,3489,10.203.160.0,255.255.240.0
50,02M150,3617,10.203.176.0,255.255.240.0
51,02M158,3507,10.203.192.0,255.255.240.0
52,02M167,3513,10.203.208.0,255.255.240.0
53,02M183,3524,10.203.224.0,255.255.240.0
54,02M198,3535,10.204.0.0,255.255.240.0
55,02M217,3551,10.204.16.0,255.255.240.0
56,02M234,3550,10.204.32.0,255.255.240.0
1386,02M260,5530,10.61.96.0,255.255.240.0
57,02M267,1358,10.63.160.0,255.255.240.0
58,02M276,1361,10.62.192.0,255.255.240.0
1415,02M281,1372,10.154.64.0,255.255.240.0
59,02M282,1363,10.63.0.0,255.255.240.0
60,02M290,3529,10.204.48.0,255.255.240.0
1420,02M338,607,10.155.192.0,255.255.240.0
62,02M413,3590,10.204.96.0,255.255.240.0
63,02M414,3450,10.203.48.0,255.255.240.0
1402,02M488,5917,10.153.128.0,255.255.240.0
64,02M843,124,10.63.32.0,255.255.240.0
1388,02M971,5740,10.61.64.0,255.255.240.0
65,02MAFL,1630,10.62.96.0,255.255.240.0
66,03M009,3410,10.204.144.0,255.255.240.0
67,03M044,3430,10.204.160.0,255.255.240.0
68,03M054,3438,10.204.176.0,255.255.240.0
69,03M075,3452,10.204.192.0,255.255.240.0
70,03M076,3453,10.204.208.0,255.255.240.0
71,03M084,3457,10.204.224.0,255.255.240.0
72,03M087,3458,10.5.0.0,255.255.240.0
73,03M088,3459,10.5.16.0,255.255.240.0
74,03M144,3498,10.5.64.0,255.255.240.0
75,03M145,3499,10.5.80.0,255.255.240.0
76,03M163,3509,10.5.112.0,255.255.240.0
77,03M165,3511,10.5.128.0,255.255.240.0
78,03M166,3512,10.5.144.0,255.255.240.0
79,03M180,3523,10.5.160.0,255.255.240.0
80,03M185,3525,10.5.176.0,255.255.240.0
81,03M191,3530,10.5.192.0,255.255.240.0
82,03M199,3536,10.5.208.0,255.255.240.0
83,03M207,3542,10.5.224.0,255.255.240.0
84,03M208,3543,10.5.240.0,255.255.240.0
85,03M241,3476,10.5.32.0,255.255.240.0
86,03M256,3480,10.5.48.0,255.255.240.0
87,04M007,3408,10.6.16.0,255.255.240.0
88,04M038,3481,10.6.48.0,255.255.240.0
89,04M050,3435,10.6.224.0,255.255.240.0
90,04M057,3440,10.6.96.0,255.255.240.0
91,04M072,3451,10.6.112.0,255.255.240.0
92,04M083,3456,10.6.128.0,255.255.240.0
93,04M096,3463,10.6.144.0,255.255.240.0
94,04M101,3467,10.6.176.0,255.255.240.0
95,04M102,3468,10.6.192.0,255.255.240.0
96,04M108,3471,10.6.208.0,255.255.240.0
97,04M117,3479,10.7.16.0,255.255.240.0
98,04M146,3500,10.7.32.0,255.255.240.0
99,04M155,3506,10.7.48.0,255.255.240.0
100,04M171,3516,10.7.64.0,255.255.240.0
101,04M206,3541,10.7.80.0,255.255.240.0
102,05M030,3422,10.9.0.0,255.255.240.0
103,05M036,3425,10.9.16.0,255.255.240.0
104,05M043,3429,10.9.32.0,255.255.240.0
105,05M046,3432,10.9.48.0,255.255.240.0
106,05M092,3462,10.9.64.0,255.255.240.0
107,05M123,3482,10.9.80.0,255.255.240.0
108,05M125,3484,10.9.96.0,255.255.240.0
109,05M129,3487,10.9.112.0,255.255.240.0
110,05M133,3491,10.9.128.0,255.255.240.0
111,05M161,3508,10.9.144.0,255.255.240.0
112,05M175,3519,10.9.160.0,255.255.240.0
113,05M194,3532,10.9.176.0,255.255.240.0
114,05M195,3533,10.9.192.0,255.255.240.0
115,05M197,3534,10.9.208.0,255.255.240.0
116,05M200,3411,10.9.224.0,255.255.240.0
1406,05M916,5950,10.153.32.0,255.255.240.0
117,06M004,3405,10.210.16.0,255.255.240.0
118,06M005,3406,10.210.32.0,255.255.240.0
119,06M008,3409,10.210.48.0,255.255.240.0
120,06M018,3655,10.210.64.0,255.255.240.0
121,06M028,3421,10.210.80.0,255.255.240.0
122,06M048,3434,10.210.96.0,255.255.240.0
123,06M052,3437,10.210.112.0,255.255.240.0
124,06M090,3461,10.210.128.0,255.255.240.0
125,06M098,3465,10.210.144.0,255.255.240.0
126,06M115,3477,10.210.160.0,255.255.240.0
127,06M128,3486,10.210.176.0,255.255.240.0
128,06M132,3490,10.210.192.0,255.255.240.0
129,06M143,3497,10.210.208.0,255.255.240.0
1366,06M143A,3630,10.114.56.0,255.255.252.0
130,06M152,3503,10.210.224.0,255.255.240.0
131,06M153,3504,10.11.0.0,255.255.240.0
132,06M164,3510,10.11.16.0,255.255.240.0
133,06M173,3517,10.11.32.0,255.255.240.0
134,06M176,3520,10.11.48.0,255.255.240.0
135,06M178,3522,10.101.224.0,255.255.240.0
136,06M187,3526,10.11.64.0,255.255.240.0
137,06M189,3528,10.11.80.0,255.255.240.0
138,06M192,3531,10.11.96.0,255.255.240.0
139,06M210,1255,10.63.96.0,255.255.240.0
140,06M218,3547,10.11.128.0,255.255.240.0
141,06M223,3548,10.11.144.0,255.255.240.0
1380,06M233,3549,10.62.128.0,255.255.240.0
142,06M263,1044,10.62.224.0,255.255.240.0
143,06M380,1106,10.63.64.0,255.255.240.0
144,06M528,3578,10.11.192.0,255.255.240.0
1401,06M814,1364,10.153.0.0,255.255.240.0
1356,06M828A,3607,10.113.248.0,255.255.252.0
146,06M876,3635,10.63.192.0,255.255.240.0
147,06M877,1069,10.62.32.0,255.255.240.0
148,07X001,4986,10.11.224.0,255.255.240.0
149,07X005,4990,10.11.240.0,255.255.240.0
150,07X018,5001,10.12.0.0,255.255.240.0
151,07X025,5008,10.12.16.0,255.255.240.0
152,07X029,5012,10.12.48.0,255.255.240.0
153,07X030,5013,10.12.64.0,255.255.240.0
1263,07X030A,5258,10.115.112.0,255.255.252.0
154,07X043,5025,10.12.112.0,255.255.240.0
155,07X049,5031,10.12.128.0,255.255.240.0
156,07X149,5126,10.12.160.0,255.255.240.0
157,07X151,5128,10.12.176.0,255.255.240.0
158,07X154,5131,10.12.192.0,255.255.240.0
159,07X156,5133,10.12.208.0,255.255.240.0
160,07X161,5138,10.12.224.0,255.255.240.0
161,07X162,5139,10.13.0.0,255.255.240.0
162,07X183,5153,10.13.16.0,255.255.240.0
163,07X184,5154,10.13.32.0,255.255.240.0
164,07X220,5022,10.12.96.0,255.255.240.0
165,07X222,5116,10.12.144.0,255.255.240.0
166,07X277,5010,10.12.32.0,255.255.240.0
167,07X790,1620,10.198.160.0,255.255.240.0
168,07X963,2452,10.198.32.0,255.255.240.0
169,08X014,4998,10.13.64.0,255.255.240.0
170,08X036,5019,10.13.80.0,255.255.240.0
171,08X048,5030,10.13.96.0,255.255.240.0
1264,08X048A,5252,10.115.232.0,255.255.252.0
172,08X060,5041,10.13.128.0,255.255.240.0
173,08X062,5043,10.13.144.0,255.255.240.0
174,08X069,5050,10.13.160.0,255.255.240.0
175,08X071,5052,10.13.176.0,255.255.240.0
176,08X072,5053,10.13.192.0,255.255.240.0
177,08X075,5056,10.13.208.0,255.255.240.0
178,08X093,5074,10.13.224.0,255.255.240.0
179,08X100,5080,10.13.240.0,255.255.240.0
180,08X107,5087,10.14.0.0,255.255.240.0
181,08X119,5099,10.14.16.0,255.255.240.0
182,08X123,5103,10.14.48.0,255.255.240.0
183,08X125,5104,10.14.64.0,255.255.240.0
184,08X130,5108,10.14.80.0,255.255.240.0
185,08X131,5109,10.14.96.0,255.255.240.0
186,08X138,5115,10.14.112.0,255.255.240.0
187,08X140,5117,10.14.128.0,255.255.240.0
188,08X146,5123,10.14.144.0,255.255.240.0
189,08X152,5129,10.14.160.0,255.255.240.0
190,08X174,5147,10.14.192.0,255.255.240.0
191,08X182,5152,10.14.208.0,255.255.240.0
192,08X192,5155,10.14.224.0,255.255.240.0
193,08X301,5100,10.14.32.0,255.255.240.0
194,08X302,5033,10.13.112.0,255.255.240.0
195,08X392,1064,10.199.128.0,255.255.240.0
196,08X69A,1359,10.199.224.0,255.255.240.0
1404,08X988,1388,10.153.192.0,255.255.240.0
197,09X002,4987,10.15.16.0,255.255.240.0
198,09X004,4989,10.15.32.0,255.255.240.0
199,09X011,4996,10.15.48.0,255.255.240.0
200,09X022,5005,10.15.64.0,255.255.240.0
201,09X028,5011,10.15.80.0,255.255.240.0
202,09X035,5018,10.15.96.0,255.255.240.0
203,09X042,5024,10.15.112.0,255.255.240.0
204,09X053,5034,10.17.0.0,255.255.240.0
205,09X055,5036,10.17.16.0,255.255.240.0
206,09X058,5039,10.17.32.0,255.255.240.0
207,09X064,5045,10.17.48.0,255.255.240.0
208,09X070,5051,10.17.64.0,255.255.240.0
209,09X073,5054,10.17.80.0,255.255.240.0
210,09X088,5069,10.17.112.0,255.255.240.0
211,09X090,5071,10.17.128.0,255.255.240.0
212,09X109,5089,10.17.160.0,255.255.240.0
213,09X110,5090,10.17.176.0,255.255.240.0
214,09X117,5097,10.17.192.0,255.255.240.0
215,09X126,5105,10.17.208.0,255.255.240.0
216,09X132,5110,10.17.224.0,255.255.240.0
217,09X145,5122,10.17.240.0,255.255.240.0
218,09X147,5124,10.18.0.0,255.255.240.0
219,09X148,5125,10.18.16.0,255.255.240.0
220,09X163,5140,10.18.32.0,255.255.240.0
221,09X166,5141,10.18.48.0,255.255.240.0
222,09X170,5143,10.18.64.0,255.255.240.0
1370,09X172A,5145,10.114.112.0,255.255.252.0
223,09X199,5084,10.17.144.0,255.255.240.0
224,09X204,5231,10.18.80.0,255.255.240.0
1266,09X204A,5338,10.112.196.0,255.255.252.0
225,09X218,5167,10.77.240.0,255.255.240.0
226,09X229,5165,10.18.96.0,255.255.240.0
227,09X232,5063,10.17.96.0,255.255.240.0
228,09X236,5168,10.18.144.0,255.255.240.0
1267,09X236A,5146,10.112.240.0,255.255.252.0
1395,09X240,5925,10.152.160.0,255.255.240.0
1412,09X285,1605,10.154.192.0,255.255.240.0
229,09X338,658,10.198.224.0,255.255.240.0
230,09X465,981,10.199.0.0,255.255.240.0
232,10X003,4988,10.18.176.0,255.255.240.0
233,10X007,4992,10.18.192.0,255.255.240.0
234,10X008,4993,10.18.208.0,255.255.240.0
235,10X009,4994,10.18.224.0,255.255.240.0
236,10X020,5003,10.19.16.0,255.255.240.0
237,10X023,5006,10.19.32.0,255.255.240.0
238,10X024,5007,10.19.48.0,255.255.240.0
239,10X026,5009,10.19.64.0,255.255.240.0
240,10X032,5015,10.19.80.0,255.255.240.0
241,10X033,5016,10.19.96.0,255.255.240.0
242,10X037,5020,10.19.112.0,255.255.240.0
243,10X045,5027,10.19.128.0,255.255.240.0
244,10X046,5028,10.19.144.0,255.255.240.0
245,10X051,5886,10.19.160.0,255.255.240.0
246,10X054,5035,10.83.240.0,255.255.240.0
247,10X056,5037,10.19.176.0,255.255.240.0
248,10X059,5040,10.19.192.0,255.255.240.0
1270,10X059A,5257,10.114.200.0,255.255.252.0
249,10X079,5060,10.19.208.0,255.255.240.0
250,10X081,5062,10.19.240.0,255.255.240.0
251,10X085,5066,10.20.0.0,255.255.240.0
252,10X086,5067,10.20.16.0,255.255.240.0
253,10X091,5072,10.20.32.0,255.255.240.0
254,10X094,5075,10.20.48.0,255.255.240.0
255,10X095,5076,10.20.64.0,255.255.240.0
256,10X115,5095,10.20.80.0,255.255.240.0
257,10X118,5098,10.20.96.0,255.255.240.0
258,10X137,5114,10.20.112.0,255.255.240.0
259,10X141,5118,10.20.128.0,255.255.240.0
260,10X143,5120,10.20.144.0,255.255.240.0
261,10X159,5136,10.20.160.0,255.255.240.0
262,10X205,5159,10.20.176.0,255.255.240.0
1255,10X205A,5265,10.114.204.0,255.255.252.0
263,10X206,5160,10.20.192.0,255.255.240.0
264,10X207,5227,10.20.208.0,255.255.240.0
265,10X209,5161,10.20.224.0,255.255.240.0
266,10X226,5233,10.21.0.0,255.255.240.0
268,10X246,5248,10.21.16.0,255.255.240.0
269,10X254,5169,10.100.16.0,255.255.240.0
270,10X257,5162,10.21.32.0,255.255.240.0
271,10X279,5176,10.21.48.0,255.255.240.0
1271,10X279A,5289,10.112.148.0,255.255.252.0
272,10X280,5061,10.21.64.0,255.255.240.0
273,10X283,1585,10.15.160.0,255.255.240.0
274,10X291,4999,10.21.80.0,255.255.240.0
275,10X306,5177,10.21.96.0,255.255.240.0
276,10X307,5280,10.95.240.0,255.255.240.0
277,10X308,5256,10.67.240.0,255.255.240.0
278,10X310,5102,10.21.112.0,255.255.240.0
279,10X315,5262,10.21.128.0,255.255.240.0
280,10X340,5178,10.100.176.0,255.255.240.0
1365,10X344A,5247,10.114.52.0,255.255.252.0
282,10X360,5179,10.100.192.0,255.255.240.0
283,10X361,1091,10.198.192.0,255.255.240.0
284,11X016,5000,10.21.208.0,255.255.240.0
285,11X019,5002,10.21.224.0,255.255.240.0
286,11X021,5004,10.21.240.0,255.255.240.0
287,11X041,5023,10.22.0.0,255.255.240.0
288,11X068,5049,10.22.16.0,255.255.240.0
289,11X076,5057,10.22.32.0,255.255.240.0
290,11X078,5059,10.22.48.0,255.255.240.0
291,11X083,5064,10.22.64.0,255.255.240.0
292,11X087,5068,10.22.80.0,255.255.240.0
293,11X089,5070,10.22.96.0,255.255.240.0
294,11X096,5077,10.22.112.0,255.255.240.0
295,11X097,5078,10.22.128.0,255.255.240.0
296,11X103,5083,10.22.144.0,255.255.240.0
297,11X105,5085,10.22.160.0,255.255.240.0
298,11X106,5086,10.22.176.0,255.255.240.0
299,11X108,5088,10.22.192.0,255.255.240.0
300,11X111,5091,10.22.208.0,255.255.240.0
301,11X112,5092,10.22.224.0,255.255.240.0
302,11X113,5093,10.23.0.0,255.255.240.0
303,11X121,5101,10.23.16.0,255.255.240.0
304,11X127,5106,10.23.32.0,255.255.240.0
305,11X135,5112,10.23.48.0,255.255.240.0
306,11X142,5119,10.23.64.0,255.255.240.0
307,11X144,5121,10.23.80.0,255.255.240.0
308,11X153,5130,10.23.96.0,255.255.240.0
309,11X160,5137,10.23.112.0,255.255.240.0
310,11X169,1031,10.198.64.0,255.255.240.0
311,11X175,5148,10.25.0.0,255.255.240.0
312,11X178,5149,10.25.16.0,255.255.240.0
313,11X180,5150,10.25.32.0,255.255.240.0
314,11X181,5151,10.25.48.0,255.255.240.0
315,11X189,1108,10.44.96.0,255.255.240.0
316,11X194,5157,10.41.144.0,255.255.240.0
1413,11X292,1623,10.154.224.0,255.255.240.0
317,11X362,1356,10.199.32.0,255.255.240.0
318,11X498,989,10.198.128.0,255.255.240.0
319,12X006,4991,10.25.80.0,255.255.240.0
320,12X044,5026,10.25.96.0,255.255.240.0
321,12X047,5029,10.25.112.0,255.255.240.0
322,12X050,5032,10.25.128.0,255.255.240.0
323,12X057,5038,10.25.144.0,255.255.240.0
324,12X061,5042,10.25.160.0,255.255.240.0
325,12X066,5047,10.25.176.0,255.255.240.0
326,12X067,5048,10.25.192.0,255.255.240.0
327,12X077,5058,10.25.208.0,255.255.240.0
328,12X092,5073,10.25.224.0,255.255.240.0
329,12X099,618,10.199.96.0,255.255.240.0
330,12X102,5082,10.26.0.0,255.255.240.0
331,12X129,5107,10.26.32.0,255.255.240.0
332,12X134,5111,10.26.48.0,255.255.240.0
333,12X150,5127,10.26.64.0,255.255.240.0
334,12X158,5135,10.26.80.0,255.255.240.0
335,12X198,5158,10.26.96.0,255.255.240.0
336,12X214,5142,10.26.160.0,255.255.240.0
337,12X216,5096,10.26.16.0,255.255.240.0
338,12X423,1586,10.199.160.0,255.255.240.0
339,13B000,2832,10.26.192.0,255.255.240.0
340,13B003,2462,10.26.208.0,255.255.240.0
341,13B008,2466,10.26.224.0,255.255.240.0
342,13B009,2467,10.27.0.0,255.255.240.0
343,13B011,2469,10.27.16.0,255.255.240.0
344,13B020,2478,10.27.32.0,255.255.240.0
345,13B044,2498,10.27.48.0,255.255.240.0
346,13B046,2500,10.27.64.0,255.255.240.0
347,13B054,2506,10.27.80.0,255.255.240.0
348,13B056,2508,10.27.96.0,255.255.240.0
349,13B067,2516,10.27.112.0,255.255.240.0
350,13B093,2532,10.27.128.0,255.255.240.0
351,13B113,2549,10.27.144.0,255.255.240.0
352,13B117,2553,10.27.160.0,255.255.240.0
353,13B133,2288,10.27.176.0,255.255.240.0
354,13B256,2675,10.27.192.0,255.255.240.0
355,13B258,2677,10.27.208.0,255.255.240.0
356,13B265,2683,10.27.224.0,255.255.240.0
357,13B270,2686,10.27.240.0,255.255.240.0
358,13B282,2697,10.28.0.0,255.255.240.0
359,13B287,2701,10.28.16.0,255.255.240.0
360,13B305,2715,10.28.32.0,255.255.240.0
361,13B307,2717,10.28.48.0,255.255.240.0
1405,13B317,1580,10.153.224.0,255.255.240.0
362,13B527,142,10.158.128.0,255.255.240.0
1364,13B527A,2876,10.114.48.0,255.255.252.0
363,13B670,2919,10.28.64.0,255.255.240.0
1287,13B743A,2818,10.115.92.0,255.255.252.0
364,14B016,2474,10.28.96.0,255.255.240.0
365,14B017,2475,10.28.112.0,255.255.240.0
366,14B018,2476,10.28.128.0,255.255.240.0
367,14B019,2477,10.28.144.0,255.255.240.0
368,14B023,2481,10.28.160.0,255.255.240.0
369,14B031,2488,10.28.176.0,255.255.240.0
370,14B033,2490,10.28.192.0,255.255.240.0
371,14B034,2491,10.28.208.0,255.255.240.0
372,14B049,2502,10.28.224.0,255.255.240.0
373,14B050,2503,10.29.0.0,255.255.240.0
374,14B059,2511,10.29.16.0,255.255.240.0
375,14B071,2519,10.29.32.0,255.255.240.0
376,14B084,2525,10.29.48.0,255.255.240.0
377,14B110,2546,10.29.64.0,255.255.240.0
378,14B120,2555,10.29.80.0,255.255.240.0
379,14B126,2559,10.29.96.0,255.255.240.0
380,14B132,2564,10.29.112.0,255.255.240.0
381,14B147,2573,10.29.128.0,255.255.240.0
382,14B157,2583,10.29.144.0,255.255.240.0
383,14B196,2618,10.29.160.0,255.255.240.0
384,14B250,2669,10.29.176.0,255.255.240.0
385,14B257,2676,10.29.192.0,255.255.240.0
386,14B297,2709,10.29.208.0,255.255.240.0
387,14B318,2723,10.29.224.0,255.255.240.0
388,14B319,2724,10.29.240.0,255.255.240.0
389,14B380,2742,10.30.0.0,255.255.240.0
390,14B478,1357,10.159.64.0,255.255.240.0
391,15B001,2460,10.30.32.0,255.255.240.0
1273,15B001A,2831,10.112.68.0,255.255.252.0
392,15B010,2468,10.30.48.0,255.255.240.0
393,15B015,2473,10.30.64.0,255.255.240.0
394,15B024,2482,10.30.80.0,255.255.240.0
395,15B027,2485,10.30.96.0,255.255.240.0
396,15B029,2487,10.30.112.0,255.255.240.0
397,15B032,2489,10.30.128.0,255.255.240.0
398,15B038,2493,10.30.144.0,255.255.240.0
399,15B039,2494,10.30.160.0,255.255.240.0
400,15B051,2504,10.30.176.0,255.255.240.0
401,15B058,2510,10.30.192.0,255.255.240.0
402,15B088,2528,10.30.208.0,255.255.240.0
403,15B094,2533,10.30.224.0,255.255.240.0
404,15B107,2544,10.31.0.0,255.255.240.0
405,15B124,2558,10.31.16.0,255.255.240.0
406,15B130,2562,10.31.32.0,255.255.240.0
407,15B131,2563,10.31.48.0,255.255.240.0
408,15B136,2567,10.31.64.0,255.255.240.0
409,15B146,2571,10.31.80.0,255.255.240.0
410,15B154,2580,10.31.112.0,255.255.240.0
411,15B169,2594,10.33.0.0,255.255.240.0
412,15B172,2597,10.33.16.0,255.255.240.0
413,15B230,2652,10.33.32.0,255.255.240.0
1275,15B230A,2914,10.113.8.0,255.255.252.0
414,15B261,2680,10.33.48.0,255.255.240.0
415,15B295,2855,10.31.96.0,255.255.240.0
416,15B321,2726,10.33.96.0,255.255.240.0
417,15B564,1592,10.157.224.0,255.255.240.0
418,15B781,861,10.43.192.0,255.255.240.0
419,16B005,2463,10.33.128.0,255.255.240.0
420,16B021,2479,10.33.144.0,255.255.240.0
421,16B025,2483,10.33.160.0,255.255.240.0
422,16B026,2484,10.33.176.0,255.255.240.0
423,16B028,2486,10.33.192.0,255.255.240.0
424,16B035,2492,10.33.208.0,255.255.240.0
425,16B040,2495,10.33.224.0,255.255.240.0
426,16B057,2509,10.98.208.0,255.255.240.0
427,16B081,2524,10.33.240.0,255.255.240.0
428,16B143,2727,10.34.80.0,255.255.240.0
429,16B243,2664,10.34.0.0,255.255.240.0
430,16B262,2681,10.34.16.0,255.255.240.0
431,16B308,2718,10.34.32.0,255.255.240.0
432,16B309,2719,10.34.48.0,255.255.240.0
433,16B335,2732,10.34.96.0,255.255.240.0
434,17B002,2461,10.34.128.0,255.255.240.0
435,17B006,2464,10.34.144.0,255.255.240.0
436,17B012,2470,10.34.160.0,255.255.240.0
437,17B022,2480,10.34.176.0,255.255.240.0
438,17B061,2512,10.34.192.0,255.255.240.0
439,17B091,2530,10.34.208.0,255.255.240.0
440,17B092,2531,10.34.224.0,255.255.240.0
441,17B138,2569,10.35.0.0,255.255.240.0
442,17B161,2587,10.35.16.0,255.255.240.0
443,17B167,2593,10.35.32.0,255.255.240.0
1313,17B167A,2891,10.112.4.0,255.255.252.0
444,17B181,2605,10.35.48.0,255.255.240.0
445,17B189,2611,10.35.64.0,255.255.240.0
446,17B191,2613,10.35.80.0,255.255.240.0
447,17B221,2643,10.35.96.0,255.255.240.0
448,17B241,2662,10.35.112.0,255.255.240.0
449,17B246,2666,10.35.128.0,255.255.240.0
450,17B249,2668,10.35.144.0,255.255.240.0
451,17B289,2703,10.35.160.0,255.255.240.0
452,17B316,2722,10.35.176.0,255.255.240.0
453,17B320,2725,10.35.192.0,255.255.240.0
454,17B340,2883,10.35.208.0,255.255.240.0
455,17B390,2745,10.35.224.0,255.255.240.0
456,17B391,2746,10.35.240.0,255.255.240.0
457,17B394,2632,10.100.80.0,255.255.240.0
458,17B397,2749,10.36.0.0,255.255.240.0
459,17B398,2750,10.36.16.0,255.255.240.0
460,17B399,2751,10.36.32.0,255.255.240.0
461,17B799,2820,10.86.240.0,255.255.240.0
462,18B066,2515,10.42.80.0,255.255.240.0
463,18B068,2517,10.36.64.0,255.255.240.0
464,18B114,2550,10.36.80.0,255.255.240.0
465,18B115,2551,10.36.96.0,255.255.240.0
466,18B135,2566,10.36.112.0,255.255.240.0
467,18B208,2630,10.36.144.0,255.255.240.0
468,18B211,2633,10.36.160.0,255.255.240.0
469,18B219,2641,10.36.176.0,255.255.240.0
470,18B232,2654,10.36.192.0,255.255.240.0
471,18B233,2655,10.36.208.0,255.255.240.0
472,18B235,2657,10.36.224.0,255.255.240.0
473,18B242,2663,10.36.48.0,255.255.240.0
474,18B244,2665,10.37.0.0,255.255.240.0
475,18B252,2671,10.37.16.0,255.255.240.0
476,18B268,2684,10.37.32.0,255.255.240.0
477,18B272,2688,10.37.48.0,255.255.240.0
478,18B276,2692,10.37.64.0,255.255.240.0
479,18B279,2695,10.37.80.0,255.255.240.0
480,18B285,2699,10.37.96.0,255.255.240.0
481,18B366,697,10.157.32.0,255.255.240.0
1409,18B860,2869,10.154.0.0,255.255.240.0
482,19B007,2465,10.37.128.0,255.255.240.0
483,19B013,2471,10.37.144.0,255.255.240.0
484,19B065,2514,10.37.160.0,255.255.240.0
485,19B072,2520,10.37.176.0,255.255.240.0
486,19B108,2545,10.37.208.0,255.255.240.0
487,19B149,2575,10.37.224.0,255.255.240.0
1279,19B149A,2857,10.112.192.0,255.255.252.0
488,19B158,2584,10.37.240.0,255.255.240.0
489,19B159,2585,10.38.0.0,255.255.240.0
490,19B166,2592,10.38.16.0,255.255.240.0
491,19B171,2596,10.38.32.0,255.255.240.0
492,19B174,2598,10.38.48.0,255.255.240.0
493,19B190,2612,10.38.64.0,255.255.240.0
494,19B202,2624,10.38.80.0,255.255.240.0
495,19B213,2635,10.38.96.0,255.255.240.0
496,19B214,2636,10.38.112.0,255.255.240.0
497,19B218,2640,10.38.128.0,255.255.240.0
498,19B224,2646,10.38.144.0,255.255.240.0
499,19B260,2679,10.38.160.0,255.255.240.0
500,19B273,2689,10.38.176.0,255.255.240.0
501,19B290,2704,10.38.192.0,255.255.240.0
502,19B292,2706,10.38.208.0,255.255.240.0
503,19B302,2712,10.38.224.0,255.255.240.0
504,19B306,2716,10.39.0.0,255.255.240.0
505,19B328,2729,10.39.32.0,255.255.240.0
506,19B345,2733,10.39.48.0,255.255.240.0
507,19B346,2734,10.39.64.0,255.255.240.0
508,19B364,2736,10.39.80.0,255.255.240.0
1280,19B364A,2881,10.112.156.0,255.255.252.0
1398,19B422,1391,10.152.32.0,255.255.240.0
509,19B798,1588,10.157.192.0,255.255.240.0
510,19B814,2833,10.157.160.0,255.255.240.0
511,20B030,2941,10.39.112.0,255.255.240.0
512,20B048,2501,10.64.0.0,255.255.240.0
513,20B060,2980,10.39.96.0,255.255.240.0
514,20B062,2513,10.64.16.0,255.255.240.0
515,20B069,2518,10.91.240.0,255.255.240.0
516,20B102,2540,10.64.32.0,255.255.240.0
517,20B104,2541,10.64.48.0,255.255.240.0
518,20B105,2542,10.64.64.0,255.255.240.0
519,20B112,2548,10.64.80.0,255.255.240.0
520,20B127,2560,10.64.96.0,255.255.240.0
521,20B160,2586,10.64.112.0,255.255.240.0
522,20B163,2589,10.64.128.0,255.255.240.0
523,20B164,2590,10.64.144.0,255.255.240.0
524,20B170,2595,10.64.160.0,255.255.240.0
525,20B176,2600,10.64.176.0,255.255.240.0
526,20B179,2603,10.64.192.0,255.255.240.0
527,20B180,2604,10.64.208.0,255.255.240.0
528,20B185,2608,10.64.224.0,255.255.240.0
529,20B186,2609,10.64.240.0,255.255.240.0
530,20B187,2789,10.65.0.0,255.255.240.0
531,20B192,2614,10.65.16.0,255.255.240.0
532,20B200,2622,10.65.32.0,255.255.240.0
533,20B201,2623,10.65.48.0,255.255.240.0
534,20B204,2626,10.65.64.0,255.255.240.0
535,20B205,2627,10.65.80.0,255.255.240.0
536,20B220,2642,10.65.96.0,255.255.240.0
537,20B223,2645,10.65.112.0,255.255.240.0
538,20B227,2649,10.65.128.0,255.255.240.0
539,20B229,2651,10.65.144.0,255.255.240.0
540,20B247,2667,10.65.160.0,255.255.240.0
541,20B259,2678,10.65.176.0,255.255.240.0
1403,20B264,1308,10.153.160.0,255.255.240.0
1399,20B310,5949,10.152.64.0,255.255.240.0
542,20B314,2721,10.65.192.0,255.255.240.0
1419,20B331,1578,10.155.160.0,255.255.240.0
543,20B729,1062,10.43.208.0,255.255.240.0
544,20B807,1367,10.157.128.0,255.255.240.0
545,20B971,1368,10.157.0.0,255.255.240.0
546,21B043,2647,10.65.224.0,255.255.240.0
547,21B090,2529,10.66.0.0,255.255.240.0
548,21B095,2534,10.66.16.0,255.255.240.0
549,21B096,2535,10.66.32.0,255.255.240.0
550,21B097,2536,10.66.48.0,255.255.240.0
551,21B098,2497,10.66.64.0,255.255.240.0
552,21B099,2537,10.66.80.0,255.255.240.0
553,21B100,2538,10.66.96.0,255.255.240.0
554,21B101,2539,10.66.112.0,255.255.240.0
555,21B121,2556,10.66.128.0,255.255.240.0
556,21B153,2579,10.66.160.0,255.255.240.0
557,21B177,2601,10.66.176.0,255.255.240.0
558,21B188,2610,10.66.192.0,255.255.240.0
559,21B199,2621,10.66.208.0,255.255.240.0
560,21B209,2631,10.66.224.0,255.255.240.0
561,21B212,2634,10.66.240.0,255.255.240.0
562,21B215,2637,10.67.0.0,255.255.240.0
563,21B216,2638,10.67.16.0,255.255.240.0
564,21B226,2648,10.67.48.0,255.255.240.0
565,21B228,2650,10.67.64.0,255.255.240.0
566,21B237,1589,10.157.64.0,255.255.240.0
567,21B238,2659,10.67.80.0,255.255.240.0
568,21B239,2660,10.67.96.0,255.255.240.0
569,21B253,2672,10.67.112.0,255.255.240.0
570,21B280,2561,10.67.128.0,255.255.240.0
571,21B281,2696,10.67.144.0,255.255.240.0
572,21B288,2702,10.67.160.0,255.255.240.0
573,21B303,2713,10.67.176.0,255.255.240.0
574,21B329,2730,10.67.192.0,255.255.240.0
575,21B728,613,10.24.144.0,255.255.240.0
576,22B014,2472,10.67.224.0,255.255.240.0
577,22B052,2505,10.68.0.0,255.255.240.0
578,22B078,2523,10.68.16.0,255.255.240.0
579,22B109,2747,10.87.64.0,255.255.240.0
580,22B119,2554,10.68.48.0,255.255.240.0
581,22B134,2858,10.101.48.0,255.255.240.0
582,22B139,2570,10.68.64.0,255.255.240.0
583,22B152,2578,10.68.80.0,255.255.240.0
584,22B193,2615,10.68.96.0,255.255.240.0
585,22B194,2616,10.68.112.0,255.255.240.0
586,22B195,2617,10.15.144.0,255.255.240.0
587,22B197,2619,10.68.144.0,255.255.240.0
588,22B198,2620,10.68.160.0,255.255.240.0
589,22B203,2625,10.68.176.0,255.255.240.0
590,22B206,2628,10.68.192.0,255.255.240.0
591,22B207,2629,10.68.208.0,255.255.240.0
592,22B217,2639,10.68.224.0,255.255.240.0
593,22B222,2644,10.68.240.0,255.255.240.0
594,22B234,2656,10.69.0.0,255.255.240.0
595,22B236,2658,10.15.128.0,255.255.240.0
596,22B240,2661,10.31.192.0,255.255.240.0
597,22B251,2670,10.69.64.0,255.255.240.0
598,22B254,2673,10.69.80.0,255.255.240.0
599,22B255,2674,10.69.96.0,255.255.240.0
600,22B269,2685,10.69.112.0,255.255.240.0
601,22B277,2693,10.71.144.0,255.255.240.0
602,22B278,2694,10.31.176.0,255.255.240.0
603,22B312,2720,10.69.160.0,255.255.240.0
604,22B361,2873,10.100.144.0,255.255.240.0
1284,22B555A,2803,10.112.8.0,255.255.252.0
1383,22B852,2861,10.156.32.0,255.255.240.0
605,23B041,2496,10.69.192.0,255.255.240.0
606,23B055,2507,10.69.176.0,255.255.240.0
607,23B073,2521,10.69.224.0,255.255.240.0
608,23B137,2568,10.70.0.0,255.255.240.0
609,23B150,2576,10.70.16.0,255.255.240.0
610,23B155,2581,10.70.32.0,255.255.240.0
611,23B156,2735,10.15.208.0,255.255.240.0
612,23B165,2591,10.70.64.0,255.255.240.0
613,23B178,2602,10.70.80.0,255.255.240.0
1285,23B178A,2863,10.115.56.0,255.255.252.0
614,23B183,2606,10.70.96.0,255.255.240.0
615,23B184,2607,10.70.112.0,255.255.240.0
616,23B271,2687,10.72.0.0,255.255.240.0
617,23B275,2691,10.72.16.0,255.255.240.0
618,23B284,2698,10.72.32.0,255.255.240.0
619,23B298,2710,10.72.48.0,255.255.240.0
620,23B327,2728,10.72.64.0,255.255.240.0
621,23B332,2731,10.72.80.0,255.255.240.0
622,23B696,2599,10.23.128.0,255.255.240.0
623,23B993,2983,10.156.96.0,255.255.240.0
624,24Q005,4135,10.72.112.0,255.255.240.0
625,24Q007,4136,10.72.128.0,255.255.240.0
626,24Q012,4141,10.72.144.0,255.255.240.0
627,24Q013,4142,10.72.160.0,255.255.240.0
628,24Q014,4143,10.72.176.0,255.255.240.0
629,24Q016,4418,10.101.64.0,255.255.240.0
630,24Q019,4147,10.72.192.0,255.255.240.0
631,24Q028,4155,10.102.80.0,255.255.240.0
632,24Q049,4174,10.72.208.0,255.255.240.0
633,24Q058,4182,10.71.240.0,255.255.240.0
634,24Q061,4185,10.72.224.0,255.255.240.0
635,24Q068,4191,10.72.240.0,255.255.240.0
636,24Q071,4194,10.73.0.0,255.255.240.0
637,24Q073,4196,10.73.16.0,255.255.240.0
638,24Q077,4463,10.73.32.0,255.255.240.0
639,24Q081,4202,10.73.48.0,255.255.240.0
1288,24Q081A,4462,10.115.212.0,255.255.252.0
640,24Q087,4208,10.73.64.0,255.255.240.0
641,24Q088,4209,10.73.80.0,255.255.240.0
1289,24Q088A,4481,10.114.12.0,255.255.252.0
642,24Q089,4210,10.73.96.0,255.255.240.0
643,24Q091,4212,10.73.112.0,255.255.240.0
644,24Q093,4214,10.73.128.0,255.255.240.0
645,24Q102,4223,10.73.144.0,255.255.240.0
646,24Q113,4232,10.73.160.0,255.255.240.0
647,24Q119,4238,10.73.176.0,255.255.240.0
648,24Q125,4244,10.73.192.0,255.255.240.0
649,24Q128,4483,10.73.208.0,255.255.240.0
650,24Q143,4262,10.73.224.0,255.255.240.0
651,24Q153,4272,10.74.0.0,255.255.240.0
652,24Q199,4315,10.74.16.0,255.255.240.0
653,24Q229,4342,10.74.32.0,255.255.240.0
654,24Q239,4349,10.41.128.0,255.255.240.0
655,24Q247,1577,10.222.64.0,255.255.240.0
656,24Q269,540,10.223.96.0,255.255.240.0
1422,24Q287,6240,10.155.32.0,255.255.240.0
657,24Q305,684,10.223.128.0,255.255.240.0
658,24Q307,88,10.223.32.0,255.255.240.0
659,24Q322,640,10.222.96.0,255.255.240.0
1396,24Q585,1252,10.152.192.0,255.255.240.0
660,24Q744,596,10.223.192.0,255.255.240.0
661,24Q877,4482,10.32.64.0,255.255.240.0
1393,24QAGV,4763,10.152.0.0,255.255.240.0
662,25Q020,4148,10.74.64.0,255.255.240.0
663,25Q021,4149,10.74.80.0,255.255.240.0
664,25Q022,4150,10.74.96.0,255.255.240.0
665,25Q024,4152,10.74.112.0,255.255.240.0
666,25Q025,4153,10.74.128.0,255.255.240.0
667,25Q029,4156,10.74.144.0,255.255.240.0
668,25Q032,4159,10.74.160.0,255.255.240.0
669,25Q079,4200,10.74.176.0,255.255.240.0
670,25Q107,4227,10.74.192.0,255.255.240.0
671,25Q120,4239,10.74.208.0,255.255.240.0
672,25Q129,4248,10.74.224.0,255.255.240.0
673,25Q130,4249,10.74.240.0,255.255.240.0
674,25Q154,4273,10.75.0.0,255.255.240.0
675,25Q163,4282,10.75.16.0,255.255.240.0
676,25Q164,4283,10.75.32.0,255.255.240.0
677,25Q165,4284,10.75.48.0,255.255.240.0
678,25Q169,4288,10.75.80.0,255.255.240.0
679,25Q184,4301,10.75.96.0,255.255.240.0
680,25Q185,4302,10.75.112.0,255.255.240.0
681,25Q189,4305,10.75.128.0,255.255.240.0
682,25Q193,4309,10.75.144.0,255.255.240.0
683,25Q194,4310,10.75.160.0,255.255.240.0
684,25Q200,4316,10.75.176.0,255.255.240.0
685,25Q201,4317,10.75.192.0,255.255.240.0
686,25Q209,4325,10.75.208.0,255.255.240.0
687,25Q214,4329,10.75.224.0,255.255.240.0
688,25Q219,4333,10.76.0.0,255.255.240.0
689,25Q237,4347,10.76.16.0,255.255.240.0
690,25Q242,4351,10.101.192.0,255.255.240.0
691,25Q244,4353,10.191.48.0,255.255.240.0
692,25Q250,4416,10.76.32.0,255.255.240.0
693,25Q499,51,10.39.160.0,255.255.240.0
694,25Q792,1133,10.87.112.0,255.255.240.0
695,26Q018,4146,10.76.64.0,255.255.240.0
696,26Q026,4154,10.76.80.0,255.255.240.0
697,26Q031,4158,10.76.96.0,255.255.240.0
698,26Q041,4167,10.76.112.0,255.255.240.0
699,26Q046,4171,10.76.128.0,255.255.240.0
700,26Q067,4190,10.76.144.0,255.255.240.0
701,26Q074,4197,10.76.160.0,255.255.240.0
702,26Q094,4215,10.76.176.0,255.255.240.0
703,26Q098,4219,10.76.192.0,255.255.240.0
704,26Q115,4234,10.76.208.0,255.255.240.0
705,26Q133,4252,10.76.224.0,255.255.240.0
706,26Q158,4277,10.76.240.0,255.255.240.0
707,26Q159,4278,10.77.0.0,255.255.240.0
708,26Q162,4281,10.77.16.0,255.255.240.0
709,26Q167,680,10.191.16.0,255.255.240.0
710,26Q172,4290,10.77.32.0,255.255.240.0
711,26Q173,4291,10.77.48.0,255.255.240.0
712,26Q178,4296,10.77.64.0,255.255.240.0
713,26Q188,4304,10.77.96.0,255.255.240.0
714,26Q203,4319,10.77.128.0,255.255.240.0
715,26Q205,4321,10.77.144.0,255.255.240.0
716,26Q213,4328,10.77.160.0,255.255.240.0
717,26Q216,4331,10.77.176.0,255.255.240.0
718,26Q221,4335,10.77.192.0,255.255.240.0
719,26Q266,4355,10.42.16.0,255.255.240.0
720,26Q858,1116,10.191.208.0,255.255.240.0
1384,26QAPM,1285,10.190.80.0,255.255.240.0
721,27Q042,4168,10.77.224.0,255.255.240.0
722,27Q043,4169,10.78.0.0,255.255.240.0
1293,27Q043A,542,10.113.196.0,255.255.252.0
723,27Q045,4170,10.78.16.0,255.255.240.0
724,27Q047,4172,10.78.32.0,255.255.240.0
725,27Q051,4176,10.78.48.0,255.255.240.0
726,27Q053,4178,10.78.64.0,255.255.240.0
727,27Q056,4181,10.78.80.0,255.255.240.0
728,27Q060,4184,10.78.96.0,255.255.240.0
729,27Q062,4186,10.78.112.0,255.255.240.0
730,27Q063,4187,10.80.0.0,255.255.240.0
731,27Q064,4188,10.80.16.0,255.255.240.0
732,27Q065,4487,10.80.32.0,255.255.240.0
733,27Q066,4189,10.80.48.0,255.255.240.0
734,27Q090,4211,10.80.64.0,255.255.240.0
735,27Q096,4217,10.80.80.0,255.255.240.0
736,27Q097,4218,10.80.96.0,255.255.240.0
737,27Q100,4221,10.80.112.0,255.255.240.0
738,27Q104,4224,10.80.128.0,255.255.240.0
739,27Q105,4225,10.80.144.0,255.255.240.0
740,27Q106,4226,10.80.160.0,255.255.240.0
741,27Q108,4228,10.80.176.0,255.255.240.0
742,27Q114,4233,10.80.192.0,255.255.240.0
743,27Q123,4242,10.80.208.0,255.255.240.0
744,27Q124,4243,10.80.224.0,255.255.240.0
745,27Q137,4256,10.104.64.0,255.255.240.0
746,27Q146,4265,10.80.240.0,255.255.240.0
747,27Q155,4274,10.81.0.0,255.255.240.0
748,27Q180,4298,10.81.16.0,255.255.240.0
749,27Q183,4300,10.81.32.0,255.255.240.0
750,27Q197,4313,10.81.48.0,255.255.240.0
751,27Q198,4314,10.81.64.0,255.255.240.0
752,27Q202,4318,10.81.80.0,255.255.240.0
753,27Q207,4323,10.81.96.0,255.255.240.0
754,27Q210,4326,10.81.112.0,255.255.240.0
755,27Q215,4330,10.81.128.0,255.255.240.0
756,27Q223,4337,10.81.144.0,255.255.240.0
757,27Q225,4338,10.81.160.0,255.255.240.0
758,27Q226,4339,10.81.176.0,255.255.240.0
759,27Q232,4345,10.81.192.0,255.255.240.0
760,27Q253,47,10.79.128.0,255.255.240.0
761,27Q254,48,10.70.240.0,255.255.240.0
762,27Q273,2374,10.222.32.0,255.255.240.0
763,27Q306,89,10.223.224.0,255.255.240.0
1426,27Q316,1373,10.156.128.0,255.255.240.0
1421,27Q636,6236,10.155.224.0,255.255.240.0
764,28Q003,4134,10.191.80.0,255.255.240.0
765,28Q030,4157,10.81.224.0,255.255.240.0
766,28Q040,4166,10.82.0.0,255.255.240.0
767,28Q048,4173,10.82.16.0,255.255.240.0
768,28Q050,4175,10.82.32.0,255.255.240.0
769,28Q054,4179,10.82.48.0,255.255.240.0
770,28Q055,4180,10.82.64.0,255.255.240.0
771,28Q072,4195,10.82.80.0,255.255.240.0
772,28Q080,4201,10.82.96.0,255.255.240.0
773,28Q082,4203,10.82.112.0,255.255.240.0
774,28Q086,4207,10.82.128.0,255.255.240.0
775,28Q099,5622,10.82.144.0,255.255.240.0
1294,28Q099A,4474,10.113.20.0,255.255.252.0
776,28Q101,4222,10.82.160.0,255.255.240.0
777,28Q117,4236,10.82.176.0,255.255.240.0
778,28Q121,4240,10.82.192.0,255.255.240.0
779,28Q139,4258,10.82.208.0,255.255.240.0
780,28Q140,4259,10.82.224.0,255.255.240.0
781,28Q144,4263,10.82.240.0,255.255.240.0
782,28Q157,4276,10.83.0.0,255.255.240.0
783,28Q160,4279,10.83.16.0,255.255.240.0
784,28Q161,4280,10.101.32.0,255.255.240.0
785,28Q174,4292,10.83.32.0,255.255.240.0
786,28Q175,4293,10.83.48.0,255.255.240.0
787,28Q182,4485,10.83.64.0,255.255.240.0
1290,28Q182B,650,10.115.128.0,255.255.252.0
788,28Q190,4306,10.83.80.0,255.255.240.0
789,28Q196,4312,10.83.96.0,255.255.240.0
790,28Q206,4322,10.83.112.0,255.255.240.0
791,28Q217,4332,10.83.128.0,255.255.240.0
792,28Q220,4334,10.83.144.0,255.255.240.0
793,28Q276,1253,10.191.144.0,255.255.240.0
1397,28Q277,1274,10.152.224.0,255.255.240.0
794,28Q695,679,10.191.176.0,255.255.240.0
795,29Q015,4144,10.83.176.0,255.255.240.0
796,29Q033,4160,10.83.192.0,255.255.240.0
797,29Q034,4161,10.83.208.0,255.255.240.0
798,29Q035,4162,10.83.224.0,255.255.240.0
799,29Q036,4163,10.84.0.0,255.255.240.0
800,29Q037,4164,10.84.16.0,255.255.240.0
801,29Q038,4165,10.84.32.0,255.255.240.0
802,29Q052,4177,10.84.48.0,255.255.240.0
803,29Q059,4183,10.84.64.0,255.255.240.0
804,29Q095,4216,10.84.80.0,255.255.240.0
1295,29Q095A,4507,10.114.220.0,255.255.252.0
805,29Q109,4229,10.84.96.0,255.255.240.0
806,29Q116,4235,10.84.112.0,255.255.240.0
807,29Q118,4237,10.84.128.0,255.255.240.0
808,29Q131,4250,10.84.144.0,255.255.240.0
809,29Q132,4251,10.84.160.0,255.255.240.0
810,29Q134,4253,10.84.176.0,255.255.240.0
811,29Q135,4254,10.84.192.0,255.255.240.0
812,29Q136,4255,10.84.208.0,255.255.240.0
813,29Q138,4257,10.84.224.0,255.255.240.0
814,29Q147,4266,10.84.240.0,255.255.240.0
815,29Q156,4275,10.85.0.0,255.255.240.0
817,29Q176,4294,10.85.16.0,255.255.240.0
818,29Q181,4299,10.85.32.0,255.255.240.0
819,29Q192,4308,10.85.48.0,255.255.240.0
820,29Q195,4311,10.85.64.0,255.255.240.0
816,29Q208,4324,10.41.240.0,255.255.240.0
821,29Q231,4354,10.85.80.0,255.255.240.0
822,29Q238,4348,10.85.96.0,255.255.240.0
823,29Q263,90,10.127.96.0,255.255.240.0
824,29Q268,4356,10.41.192.0,255.255.240.0
825,29Q270,4357,10.42.96.0,255.255.240.0
1387,29Q326,5525,10.190.48.0,255.255.240.0
1407,29Q633,5955,10.153.64.0,255.255.240.0
826,30Q002,4133,10.85.144.0,255.255.240.0
827,30Q010,4139,10.85.160.0,255.255.240.0
828,30Q011,4140,10.85.176.0,255.255.240.0
829,30Q017,4145,10.85.192.0,255.255.240.0
830,30Q069,4192,10.85.208.0,255.255.240.0
831,30Q070,4193,10.85.224.0,255.255.240.0
832,30Q076,4199,10.86.0.0,255.255.240.0
833,30Q078,4475,10.86.16.0,255.255.240.0
834,30Q084,4205,10.86.32.0,255.255.240.0
835,30Q085,4206,10.86.48.0,255.255.240.0
836,30Q092,4358,10.86.64.0,255.255.240.0
837,30Q111,4230,10.86.80.0,255.255.240.0
838,30Q112,4231,10.86.96.0,255.255.240.0
839,30Q122,4241,10.86.112.0,255.255.240.0
840,30Q126,4245,10.88.0.0,255.255.240.0
841,30Q127,4246,10.88.16.0,255.255.240.0
842,30Q141,4260,10.88.32.0,255.255.240.0
843,30Q145,4264,10.88.48.0,255.255.240.0
844,30Q148,4267,10.88.64.0,255.255.240.0
845,30Q149,4268,10.88.80.0,255.255.240.0
846,30Q150,4269,10.88.96.0,255.255.240.0
847,30Q151,4270,10.88.112.0,255.255.240.0
848,30Q152,4271,10.88.128.0,255.255.240.0
849,30Q166,4285,10.88.144.0,255.255.240.0
850,30Q171,4289,10.88.160.0,255.255.240.0
851,30Q204,4320,10.88.176.0,255.255.240.0
852,30Q212,4327,10.101.112.0,255.255.240.0
853,30Q222,4336,10.70.160.0,255.255.240.0
854,30Q228,4341,10.101.160.0,255.255.240.0
855,30Q230,4343,10.101.128.0,255.255.240.0
856,30Q234,4346,10.41.224.0,255.255.240.0
857,30Q280,813,10.222.224.0,255.255.240.0
1418,30Q312,1324,10.155.128.0,255.255.240.0
1410,30Q329,6225,10.154.128.0,255.255.240.0
1414,30Q404,1614,10.154.32.0,255.255.240.0
858,30Q739,814,10.44.0.0,255.255.240.0
859,30Q879,953,10.223.64.0,255.255.240.0
1423,30Q972,4567,10.155.64.0,255.255.240.0
1394,30QBFH,5935,10.152.128.0,255.255.240.0
860,31R001,4816,10.88.224.0,255.255.240.0
861,31R002,4817,10.88.240.0,255.255.240.0
862,31R003,4818,10.89.0.0,255.255.240.0
1283,31R003A,4895,10.114.244.0,255.255.252.0
863,31R004,4819,10.89.16.0,255.255.240.0
864,31R005,4820,10.89.32.0,255.255.240.0
865,31R006,4821,10.204.64.0,255.255.240.0
866,31R007,4822,10.89.48.0,255.255.240.0
867,31R008,4823,10.89.64.0,255.255.240.0
868,31R011,4824,10.89.80.0,255.255.240.0
869,31R013,4825,10.89.96.0,255.255.240.0
870,31R014,4826,10.89.112.0,255.255.240.0
871,31R016,4827,10.89.128.0,255.255.240.0
872,31R018,4828,10.89.144.0,255.255.240.0
873,31R019,4829,10.89.160.0,255.255.240.0
874,31R020,4830,10.89.176.0,255.255.240.0
875,31R021,4831,10.89.192.0,255.255.240.0
876,31R022,4832,10.89.208.0,255.255.240.0
877,31R023,4833,10.89.224.0,255.255.240.0
878,31R024,4834,10.90.0.0,255.255.240.0
1262,31R025A,4835,10.114.8.0,255.255.252.0
879,31R026,4836,10.90.16.0,255.255.240.0
880,31R027,4837,10.90.32.0,255.255.240.0
881,31R029,4838,10.90.48.0,255.255.240.0
882,31R030,4839,10.90.64.0,255.255.240.0
883,31R031,4840,10.90.80.0,255.255.240.0
884,31R032,4841,10.90.96.0,255.255.240.0
885,31R034,4842,10.90.112.0,255.255.240.0
886,31R035,4843,10.90.128.0,255.255.240.0
887,31R036,4844,10.90.144.0,255.255.240.0
1297,31R037A,4900,10.114.0.0,255.255.252.0
888,31R038,4845,10.90.160.0,255.255.240.0
889,31R039,4846,10.90.176.0,255.255.240.0
890,31R041,4848,10.90.192.0,255.255.240.0
891,31R042,4849,10.90.208.0,255.255.240.0
892,31R043,688,10.127.64.0,255.255.240.0
893,31R044,4850,10.90.224.0,255.255.240.0
894,31R045,4851,10.90.240.0,255.255.240.0
895,31R046,4852,10.91.0.0,255.255.240.0
896,31R048,4853,10.91.16.0,255.255.240.0
897,31R049,4854,10.91.32.0,255.255.240.0
898,31R050,4855,10.91.48.0,255.255.240.0
899,31R051,4856,10.91.64.0,255.255.240.0
900,31R052,4857,10.91.80.0,255.255.240.0
901,31R053,4858,10.91.96.0,255.255.240.0
902,31R054,4859,10.91.112.0,255.255.240.0
903,31R055,4860,10.91.128.0,255.255.240.0
904,31R056,4861,10.99.160.0,255.255.240.0
905,31R057,4862,10.91.144.0,255.255.240.0
906,31R058,4863,10.41.64.0,255.255.240.0
1411,31R059,6226,10.154.160.0,255.255.240.0
907,31R060,4864,10.91.160.0,255.255.240.0
908,31R061,4865,10.91.176.0,255.255.240.0
909,31R069,4866,10.91.192.0,255.255.240.0
1417,31R071,6237,10.155.0.0,255.255.240.0
910,31R072,4867,10.91.208.0,255.255.240.0
911,31R075,4868,10.91.224.0,255.255.240.0
912,31R080,4907,10.92.0.0,255.255.240.0
913,31R829,4896,10.127.32.0,255.255.240.0
914,31R849,689,10.127.224.0,255.255.240.0
915,32B045,2499,10.92.32.0,255.255.240.0
1300,32B045A,2852,10.112.72.0,255.255.252.0
916,32B075,2522,10.92.48.0,255.255.240.0
917,32B086,2527,10.92.64.0,255.255.240.0
918,32B106,2543,10.92.80.0,255.255.240.0
919,32B116,2552,10.92.96.0,255.255.240.0
920,32B123,2557,10.92.112.0,255.255.240.0
921,32B145,2572,10.92.128.0,255.255.240.0
922,32B151,2577,10.92.144.0,255.255.240.0
923,32B162,2588,10.92.160.0,255.255.240.0
924,32B274,2690,10.92.176.0,255.255.240.0
925,32B291,2705,10.92.192.0,255.255.240.0
926,32B296,2708,10.92.208.0,255.255.240.0
927,32B299,2711,10.92.224.0,255.255.240.0
928,32B376,2740,10.93.0.0,255.255.240.0
929,32B377,2741,10.93.16.0,255.255.240.0
930,32B383,2743,10.93.32.0,255.255.240.0
931,32B384,2744,10.93.48.0,255.255.240.0
932,33Q520,4404,10.86.144.0,255.255.240.0
933,33Q530,682,10.86.176.0,255.255.240.0
934,75B004,2853,10.93.64.0,255.255.240.0
935,75B036,2866,10.93.80.0,255.255.240.0
937,75B077,2910,10.93.112.0,255.255.240.0
938,75B369,2737,10.93.192.0,255.255.240.0
939,75B370,2738,10.93.208.0,255.255.240.0
940,75B371,2739,10.93.224.0,255.255.240.0
941,75B372,2844,10.94.0.0,255.255.240.0
942,75B373,2574,10.94.16.0,255.255.240.0
943,75B721,2817,10.94.48.0,255.255.240.0
944,75B753,2526,10.94.64.0,255.255.240.0
945,75B776,1132,10.44.48.0,255.255.240.0
946,75B811,2700,10.94.96.0,255.255.240.0
947,75M000,3619,10.107.160.0,255.255.240.0
948,75M047,3433,10.94.112.0,255.255.240.0
949,75M058,3441,10.96.0.0,255.255.240.0
950,75M079,3454,10.96.16.0,255.255.240.0
951,75M094,3527,10.96.32.0,255.255.240.0
952,75M169,3514,10.96.96.0,255.255.240.0
953,75M721,3586,10.96.128.0,255.255.240.0
1303,75M723A,5215,10.113.32.0,255.255.252.0
954,75M751,3592,10.96.160.0,255.255.240.0
955,75M811,3618,10.96.176.0,255.255.240.0
956,75M844,3619,10.96.48.0,255.255.240.0
958,75Q004,4297,10.96.192.0,255.255.240.0
1239,75Q004A,4444,10.114.84.0,255.255.252.0
959,75Q009,4138,10.96.208.0,255.255.240.0
960,75Q023,565,10.96.224.0,255.255.240.0
961,75Q075,4198,10.96.240.0,255.255.240.0
962,75Q177,4295,10.97.0.0,255.255.240.0
963,75Q224,4303,10.97.16.0,255.255.240.0
964,75Q233,4453,10.97.32.0,255.255.240.0
965,75Q255,4287,10.97.48.0,255.255.240.0
967,75Q667,123,10.24.208.0,255.255.240.0
968,75Q721,4419,10.97.80.0,255.255.240.0
969,75Q811,4442,10.97.112.0,255.255.240.0
970,75Q993,4307,10.97.128.0,255.255.240.0
971,75R025,4894,10.97.144.0,255.255.240.0
972,75R037,4899,10.97.160.0,255.255.240.0
973,75R373,4847,10.97.176.0,255.255.240.0
974,75R721,4885,10.97.192.0,255.255.240.0
975,75X010,5081,10.97.208.0,255.255.240.0
976,75X012,4997,10.97.224.0,255.255.240.0
977,75X186,5113,10.98.32.0,255.255.240.0
978,75X188,5017,10.98.48.0,255.255.240.0
979,75X721,5216,10.98.64.0,255.255.240.0
1310,75X723A,695,10.113.36.0,255.255.252.0
980,75X811,5065,10.98.96.0,255.255.240.0
981,78B387,4427,10.93.240.0,255.255.240.0
982,78B400,2752,10.7.144.0,255.255.240.0
983,78B405,2754,10.23.192.0,255.255.240.0
984,78B409,2836,10.7.176.0,255.255.240.0
985,78B410,2757,10.7.192.0,255.255.240.0
986,78B415,2760,10.7.208.0,255.255.240.0
987,78B419,2826,10.7.224.0,255.255.240.0
988,78B420,2764,10.7.240.0,255.255.240.0
989,78B425,2766,10.8.0.0,255.255.240.0
990,78B429,2707,10.8.16.0,255.255.240.0
991,78B430,2768,10.8.32.0,255.255.240.0
992,78B435,2770,10.8.48.0,255.255.240.0
993,78B440,2772,10.8.80.0,255.255.240.0
994,78B445,2773,10.8.96.0,255.255.240.0
995,78B450,2775,10.8.208.0,255.255.240.0
996,78B455,2777,10.8.112.0,255.255.240.0
997,78B459,2782,10.8.128.0,255.255.240.0
998,78B460,2781,10.8.144.0,255.255.240.0
999,78B470,2784,10.8.176.0,255.255.240.0
1000,78B480,2785,10.15.176.0,255.255.240.0
1001,78B485,2788,10.15.192.0,255.255.240.0
1002,78B489,2837,10.23.208.0,255.255.240.0
1003,78B490,2790,10.15.224.0,255.255.240.0
1004,78B495,2791,10.15.240.0,255.255.240.0
1005,78B498,2979,10.28.240.0,255.255.240.0
1006,78B499,2915,10.16.0.0,255.255.240.0
1007,78B500,2793,10.16.16.0,255.255.240.0
1008,78B505,2795,10.16.32.0,255.255.240.0
1010,78B510,1549,10.16.64.0,255.255.240.0
1011,78B511,2780,10.16.80.0,255.255.240.0
1012,78B515,2796,10.16.112.0,255.255.240.0
1013,78B519,2825,10.100.112.0,255.255.240.0
1014,78B520,2798,10.16.128.0,255.255.240.0
1015,78B525,2799,10.16.144.0,255.255.240.0
1016,78B530,2827,10.16.160.0,255.255.240.0
1017,78B535,2800,10.102.96.0,255.255.240.0
1018,78B540,2801,10.16.192.0,255.255.240.0
1019,78B545,2918,10.16.208.0,255.255.240.0
1020,78B554,2819,10.79.192.0,255.255.240.0
1021,78B555,2922,10.16.224.0,255.255.240.0
1022,78B568,2913,10.70.48.0,255.255.240.0
1023,78B590,2805,10.89.240.0,255.255.240.0
1024,78B591,1544,10.23.224.0,255.255.240.0
1025,78B600,2806,10.23.240.0,255.255.240.0
1026,78B605,2804,10.24.0.0,255.255.240.0
1027,78B610,2807,10.24.16.0,255.255.240.0
1028,78B615,2808,10.24.32.0,255.255.240.0
1029,78B620,2809,10.24.48.0,255.255.240.0
1030,78B625,2810,10.24.64.0,255.255.240.0
1031,78B640,2812,10.24.80.0,255.255.240.0
1032,78B645,2902,10.24.96.0,255.255.240.0
1033,78B655,2813,10.24.112.0,255.255.240.0
1034,78B660,2815,10.7.128.0,255.255.240.0
1035,78B698,2838,10.43.176.0,255.255.240.0
1036,78B735,1042,10.43.240.0,255.255.240.0
1037,78B865,2874,10.159.96.0,255.255.240.0
1038,78B931,2880,10.24.176.0,255.255.240.0
1039,78B994,774,10.23.176.0,255.255.240.0
1040,78M408,3415,10.31.144.0,255.255.240.0
1042,78M416,3628,10.81.208.0,255.255.240.0
1043,78M418,3603,10.23.144.0,255.255.240.0
1044,78M420,3564,10.31.208.0,255.255.240.0
1045,78M425,3645,10.31.224.0,255.255.240.0
1046,78M429,3637,10.31.240.0,255.255.240.0
1047,78M435,3554,10.32.0.0,255.255.240.0
1048,78M439,3632,10.32.16.0,255.255.240.0
1049,78M440,3555,10.32.32.0,255.255.240.0
1050,78M442,3653,10.100.96.0,255.255.240.0
1051,78M445,3556,10.32.48.0,255.255.240.0
1052,78M448,3557,10.6.240.0,255.255.240.0
1053,78M450,3443,10.32.80.0,255.255.240.0
1054,78M460,3560,10.32.112.0,255.255.240.0
1055,78M465,3561,10.32.128.0,255.255.240.0
1056,78M469,3571,10.32.144.0,255.255.240.0
1057,78M470,3563,10.32.160.0,255.255.240.0
1058,78M475,3565,10.32.176.0,255.255.240.0
1059,78M479,3615,10.32.192.0,255.255.240.0
1060,78M485,3567,10.32.208.0,255.255.240.0
1061,78M489,3611,10.32.224.0,255.255.240.0
1062,78M490,3569,10.39.128.0,255.255.240.0
1063,78M495,3570,10.39.144.0,255.255.240.0
1064,78M500,3648,10.39.176.0,255.255.240.0
1065,78M505,3573,10.40.208.0,255.255.240.0
1066,78M510,3574,10.40.0.0,255.255.240.0
1067,78M515,3419,10.40.16.0,255.255.240.0
1068,78M519,3566,10.40.32.0,255.255.240.0
1069,78M520,3576,10.40.48.0,255.255.240.0
1070,78M529,3568,10.40.64.0,255.255.240.0
1071,78M531,3647,10.40.96.0,255.255.240.0
1072,78M535,3579,10.40.112.0,255.255.240.0
1073,78M540,3580,10.40.128.0,255.255.240.0
1074,78M550,3559,10.40.144.0,255.255.240.0
1076,78M555,3413,10.40.176.0,255.255.240.0
1077,78M570,3657,10.102.16.0,255.255.240.0
1078,78M573,3613,10.40.224.0,255.255.240.0
1079,78M575,3591,10.70.128.0,255.255.240.0
1080,78M580,3448,10.70.144.0,255.255.240.0
1081,78M585,3612,10.24.224.0,255.255.240.0
1082,78M586,3594,10.79.144.0,255.255.240.0
1083,78M590,5236,10.70.176.0,255.255.240.0
1084,78M595,5290,10.70.208.0,255.255.240.0
1085,78M600,3581,10.70.224.0,255.255.240.0
1086,78M610,3646,10.71.0.0,255.255.240.0
1087,78M615,3582,10.71.16.0,255.255.240.0
1088,78M620,3583,10.71.32.0,255.255.240.0
1089,78M625,3584,10.71.48.0,255.255.240.0
1090,78M630,3585,10.71.64.0,255.255.240.0
1091,78M635,3466,10.71.80.0,255.255.240.0
1092,78M646,3589,10.63.128.0,255.255.240.0
1093,78M655,3588,10.24.240.0,255.255.240.0
1094,78M670,3662,10.22.240.0,255.255.240.0
1095,78M675,3418,10.71.112.0,255.255.240.0
1096,78M680,3470,10.71.128.0,255.255.240.0
1097,78M685,3493,10.71.96.0,255.255.240.0
1098,78M690,3633,10.71.160.0,255.255.240.0
1099,78M692,3595,10.44.80.0,255.255.240.0
1100,78M695,3431,10.71.176.0,255.255.240.0
1101,78M696,3464,10.201.192.0,255.255.240.0
1102,78M827,3606,10.39.224.0,255.255.240.0
1103,78M911,3654,10.71.192.0,255.255.240.0
1104,78Q142,4261,10.40.80.0,255.255.240.0
1105,78Q227,4340,10.71.208.0,255.255.240.0
1106,78Q400,4359,10.71.224.0,255.255.240.0
1107,78Q410,4363,10.78.128.0,255.255.240.0
1108,78Q415,4365,10.78.144.0,255.255.240.0
1109,78Q420,4367,10.78.160.0,255.255.240.0
1110,78Q425,4369,10.78.176.0,255.255.240.0
1111,78Q430,4371,10.78.192.0,255.255.240.0
1112,78Q435,4373,10.78.208.0,255.255.240.0
1113,78Q440,4375,10.78.224.0,255.255.240.0
1114,78Q445,4377,10.78.240.0,255.255.240.0
1115,78Q450,4381,10.79.0.0,255.255.240.0
1116,78Q455,4383,10.79.16.0,255.255.240.0
1117,78Q460,4386,10.79.32.0,255.255.240.0
1118,78Q465,4389,10.79.48.0,255.255.240.0
1119,78Q470,4391,10.79.64.0,255.255.240.0
1120,78Q475,4393,10.79.80.0,255.255.240.0
1121,78Q480,4394,10.79.96.0,255.255.240.0
1122,78Q485,4396,10.79.112.0,255.255.240.0
1123,78Q495,4361,10.79.160.0,255.255.240.0
1124,78Q496,4399,10.79.176.0,255.255.240.0
1125,78Q502,4421,10.41.112.0,255.255.240.0
1126,78Q505,4401,10.79.208.0,255.255.240.0
1127,78Q510,4409,10.79.224.0,255.255.240.0
1128,78Q516,4151,10.86.128.0,255.255.240.0
1129,78Q525,4403,10.86.160.0,255.255.240.0
1130,78Q550,4384,10.86.192.0,255.255.240.0
1131,78Q555,4379,10.86.208.0,255.255.240.0
1132,78Q560,4494,10.86.224.0,255.255.240.0
1133,78Q566,4406,10.41.208.0,255.255.240.0
1134,78Q570,4407,10.223.160.0,255.255.240.0
1135,78Q575,4380,10.88.192.0,255.255.240.0
1136,78Q580,4431,10.42.0.0,255.255.240.0
1138,78Q600,4410,10.87.16.0,255.255.240.0
1139,78Q610,4411,10.87.32.0,255.255.240.0
1140,78Q620,4412,10.87.48.0,255.255.240.0
1141,78Q650,681,10.43.160.0,255.255.240.0
1143,78Q680,4414,10.87.96.0,255.255.240.0
1144,78Q687,46,10.40.192.0,255.255.240.0
1145,78Q690,4415,10.41.176.0,255.255.240.0
1146,78Q735,45,10.101.208.0,255.255.240.0
1147,78Q781,657,10.31.128.0,255.255.240.0
1149,78R440,4870,10.87.128.0,255.255.240.0
1150,78R445,4874,10.87.144.0,255.255.240.0
1151,78R450,4876,10.87.160.0,255.255.240.0
1152,78R455,4878,10.87.176.0,255.255.240.0
1153,78R460,4880,10.87.192.0,255.255.240.0
1154,78R470,4882,10.87.208.0,255.255.240.0
1155,78R510,4886,10.87.224.0,255.255.240.0
1156,78R600,4883,10.94.144.0,255.255.240.0
1157,78R605,4872,10.94.160.0,255.255.240.0
1158,78X270,606,10.23.160.0,255.255.240.0
1159,78X368,52,10.65.240.0,255.255.240.0
1160,78X400,5180,10.94.176.0,255.255.240.0
1161,78X405,5183,10.94.192.0,255.255.240.0
1162,78X410,5185,10.94.208.0,255.255.240.0
1163,78X415,5187,10.94.224.0,255.255.240.0
1164,78X425,5191,10.94.240.0,255.255.240.0
1165,78X430,5193,10.95.0.0,255.255.240.0
1166,78X435,5195,10.95.16.0,255.255.240.0
1167,78X440,5196,10.95.32.0,255.255.240.0
1168,78X445,5198,10.95.48.0,255.255.240.0
1169,78X450,5199,10.95.64.0,255.255.240.0
1170,78X455,5201,10.95.80.0,255.255.240.0
1171,78X470,5205,10.95.96.0,255.255.240.0
1172,78X475,5207,10.95.112.0,255.255.240.0
1392,78X490,3918,10.151.224.0,255.255.240.0
1175,78X505,5204,10.41.160.0,255.255.240.0
1176,78X506,5079,10.95.192.0,255.255.240.0
1177,78X520,5132,10.95.224.0,255.255.240.0
1178,78X525,5273,10.102.192.0,255.255.240.0
1179,78X573,5055,10.102.240.0,255.255.240.0
1180,78X580,5181,10.103.0.0,255.255.240.0
1181,78X600,5210,10.103.16.0,255.255.240.0
1182,78X650,5212,10.103.48.0,255.255.240.0
1183,78X655,5213,10.103.64.0,255.255.240.0
1184,78X660,5214,10.103.80.0,255.255.240.0
1185,78X670,5278,10.103.96.0,255.255.240.0
1186,78X680,5189,10.103.128.0,255.255.240.0
1187,78X682,5275,10.103.144.0,255.255.240.0
1188,78X684,5276,10.103.160.0,255.255.240.0
1189,78X686,5021,10.103.176.0,255.255.240.0
1190,78X695,5342,10.102.176.0,255.255.240.0
1191,78X696,5294,10.98.192.0,255.255.240.0
1192,78X839,5244,10.39.240.0,255.255.240.0
1193,78X841,5246,10.101.96.0,255.255.240.0
1194,78X953,5326,10.101.240.0,255.255.240.0
1251,78X966A,1120,10.115.12.0,255.255.252.0
1195,78X970,971,10.8.224.0,255.255.240.0
1196,78X972,50,10.39.192.0,255.255.240.0
1350,84X347C,1438,10.113.208.0,255.255.252.0
1338,84X703C,68,10.112.44.0,255.255.252.0
1197,85B111,2547,10.98.224.0,255.255.240.0
1198,85B263,2682,10.98.240.0,255.255.240.0
1199,85B304,2714,10.99.0.0,255.255.240.0
1200,85M154,3505,10.99.16.0,255.255.240.0
1201,85Q008,4137,10.99.32.0,255.255.240.0
1202,85X063,5044,10.99.48.0,255.255.240.0
1203,85X065,5046,10.99.64.0,255.255.240.0
1204,85X114,5094,10.99.96.0,255.255.240.0
1205,85X157,5134,10.99.112.0,255.255.240.0
1206,85X193,5156,10.99.128.0,255.255.240.0
1237,88B972A,2862,10.114.76.0,255.255.252.0
1207,IBM,5980,10.99.176.0,255.255.240.0
1208,OPCTR1,2823,10.106.0.0,255.255.240.0
1252,OPCTR1I,0,10.115.16.0,255.255.252.0
1209,OPCTR2,3636,10.106.16.0,255.255.240.0
1375,OPCTR2I,0,10.113.28.0,255.255.252.0
1210,OPCTR3,4914,10.106.32.0,255.255.240.0
1211,OPCTR4,4432,10.106.48.0,255.255.240.0
1212,OPCTR5,4469,10.106.64.0,255.255.240.0
1376,OPCTR5I,0,10.113.24.0,255.255.252.0
1213,OPCTR6,5223,10.106.80.0,255.255.240.0
1214,OPCTRRSV16,0,10.106.240.0,255.255.240.0
1215,ResORC05,0,10.107.64.0,255.255.240.0
1216,ResORC06,0,10.107.80.0,255.255.240.0
1217,ResORC12,0,10.107.176.0,255.255.240.0
1218,ResORC13,0,10.107.192.0,255.255.240.0
1219,ResORC14,0,10.107.208.0,255.255.240.0
1220,ResORC15,0,10.107.224.0,255.255.240.0
1221,ResORC16,0,10.107.240.0,255.255.240.0
1222,RGCTR10,3434,10.106.208.0,255.255.240.0
1223,RGCTR10A,801,10.106.224.0,255.255.240.0
1224,RGCTR2,5240,10.106.96.0,255.255.240.0
1225,RGCTR2A,5326,10.106.192.0,255.255.240.0
1226,RGCTR3,4426,10.106.112.0,255.255.240.0
1227,RGCTR5,4450,10.106.128.0,255.255.240.0
1228,RGCTR5A,2828,10.106.144.0,255.255.240.0
1229,RGCTR6,2984,10.106.160.0,255.255.240.0
1230,RGCTR6S,2985,10.107.16.0,255.255.240.0
1231,RGCTR7,2980,10.106.176.0,255.255.240.0
